"peak_id","peak_chr","peak_start","peak_end","peak_mid","peak_score","win10_start","win10_end","genes_TSS_10kb","genes_geneBodyOverlap_10kb","nearest_gene","nearest_proteincoding_gene","nearest_proteincoding_gene_distance","peak_overlap_type","peak_distanceToTSS","peak_overlap_simple","sequence_name","peak_overlap_custom"
"chr1:3219340-3219738","chr1",3219340,3219738,3219539,89,3209539,3229539,"LOC105378605","LOC105378605,PRDM16","PRDM16","PRDM16",150371,"Intron (ENST00000511072.5/63976, intron 2 of 15)",-6194,"Intron","chr1_3219340-3219738","Intron"
"chr1:17580278-17580571","chr1",17580278,17580571,17580424,59,17570424,17590424,"","ARHGEF10L","ARHGEF10L","ARHGEF10L",40589,"Promoter (<=1kb)",0,"Promoter","chr1_17580278-17580571","Promoter"
"chr1:18480800-18481093","chr1",18480800,18481093,18480946,106,18470946,18490946,"KLHDC7A","KLHDC7A","KLHDC7A","KLHDC7A",-36,"Promoter (<=1kb)",0,"Promoter","chr1_18480800-18481093","Promoter"
"chr1:19815151-19815561","chr1",19815151,19815561,19815356,79,19805356,19825356,"RNF186-AS1,RNF186","RNF186-AS1,RNF186","RNF186-AS1","RNF186",-78,"Promoter (<=1kb)",0,"Promoter","chr1_19815151-19815561","Promoter"
"chr1:25867229-25867626","chr1",25867229,25867626,25867427,100,25857427,25877427,"PAQR7,AUNIP","PAQR7,AUNIP","PAQR7","PAQR7",3826,"Intron (ENST00000775350.1/ENST00000775350.1, intron 1 of 1)",3627,"Intron","chr1_25867229-25867626","Intron"
"chr1:26990512-26990820","chr1",26990512,26990820,26990666,77,26980666,27000666,"TRNP1,OSTCP2","TRNP1,OSTCP2","TRNP1","TRNP1",-3041,"Distal Intergenic",-2872,"Intergenic","chr1_26990512-26990820","Upstream"
"chr1:32948925-32949318","chr1",32948925,32949318,32949121,100,32939121,32959121,"","RNF19B","RNF19B","RNF19B",15564,"Intron (ENST00000661031.1/ENST00000661031.1, intron 2 of 2)",15367,"Intron","chr1_32948925-32949318","Intron"
"chr1:33903352-33903653","chr1",33903352,33903653,33903502,90,33893502,33913502,"","CSMD2,CSMD2-AS1","CSMD2","CSMD2",262340,"Intron (ENST00000373381.9/114784, intron 5 of 70)",27886,"Intron","chr1_33903352-33903653","Intron"
"chr1:53145781-53146177","chr1",53145781,53146177,53145979,124,53135979,53155979,"SLC1A7","SLC1A7","SLC1A7","SLC1A7",-3347,"Distal Intergenic",-3143,"Intergenic","chr1_53145781-53146177","Intergenic"
"chr1:77219370-77219715","chr1",77219370,77219715,77219542,54,77209542,77229542,"PIGK,LOC105378808","PIGK,LOC105378808","LOC105378808","PIGK",-112,"Promoter (<=1kb)",0,"Promoter","chr1_77219370-77219715","Promoter"
"chr1:85137623-85137976","chr1",85137623,85137976,85137799,61,85127799,85147799,"MIR4423,LOC105378821","MIR4423,LOC105378821,DNAI3","MIR4423","DNAI3",138652,"Distal Intergenic",3829,"Intergenic","chr1_85137623-85137976","Intergenic"
"chr1:87795947-87796265","chr1",87795947,87796265,87796106,100,87786106,87806106,"","LOC105378836,LOC107985518,LOC124904212","LOC124904212","LMO4",467638,"Intron (ENST00000642677.1/107985518, intron 2 of 6)",30469,"Intron","chr1_87795947-87796265","Intron"
"chr1:94383956-94384388","chr1",94383956,94384388,94384172,219,94374172,94394172,"","ARHGAP29-AS1","ARHGAP29-AS1","ABCD3",-34283,"Intron (ENST00000656153.1/107985092, intron 6 of 6)",-34001,"Intron","chr1_94383956-94384388","Intron"
"chr1:109181301-109181659","chr1",109181301,109181659,109181480,213,109171480,109191480,"","ELAPOR1","ELAPOR1","ELAPOR1",67801,"Intron (ENST00000457623.6/57535, intron 6 of 19)",-4890,"Intron","chr1_109181301-109181659","Intron"
"chr1:109935542-109935835","chr1",109935542,109935835,109935688,113,109925688,109945688,"","CSF1","CSF1","CSF1",25446,"Distal Intergenic",19885,"Intergenic","chr1_109935542-109935835","Intergenic"
"chr1:157966025-157966442","chr1",157966025,157966442,157966233,153,157956233,157976233,"","LOC105371458","LOC105371458","KIRREL1",-27040,"Distal Intergenic",-12458,"Intergenic","chr1_157966025-157966442","Intergenic"
"chr1:169148368-169148777","chr1",169148368,169148777,169148572,119,169138572,169158572,"","NME7,ATP1B1","ATP1B1","NME7",219395,"Intron (ENST00000688755.1/481, intron 6 of 8)",25459,"Intron","chr1_169148368-169148777","Intron"
"chr1:172976387-172976771","chr1",172976387,172976771,172976579,88,172966579,172986579,"","","LOC107985225","TNFSF18",74384,"Intron (ENST00000432694.2/ENST00000432694.2, intron 1 of 4)",-42658,"Intron","chr1_172976387-172976771","Intron"
"chr1:174010761-174011067","chr1",174010761,174011067,174010914,38,174000914,174020914,"","RC3H1","RC3H1","RC3H1",11383,"Intron (ENST00000367696.7/149041, intron 1 of 19)",-10614,"Intron","chr1_174010761-174011067","Intron"
"chr1:179287885-179288347","chr1",179287885,179288347,179288116,167,179278116,179298116,"SOAT1","SOAT1","SOAT1","SOAT1",-5598,"Distal Intergenic",-5367,"Intergenic","chr1_179287885-179288347","Intergenic"
"chr1:180598602-180599020","chr1",180598602,180599020,180598811,88,180588811,180608811,"","","OVAAL","XPR1",-33193,"Distal Intergenic",-33002,"Intergenic","chr1_180598602-180599020","Intergenic"
"chr1:200022115-200022573","chr1",200022115,200022573,200022344,213,200012344,200032344,"NR5A2","NR5A2","NR5A2","NR5A2",-5258,"Distal Intergenic",-5041,"Intergenic","chr1_200022115-200022573","Intergenic"
"chr1:200027281-200027717","chr1",200027281,200027717,200027499,77,200017499,200037499,"NR5A2","NR5A2","NR5A2","NR5A2",-103,"Promoter (<=1kb)",0,"Promoter","chr1_200027281-200027717","Promoter"
"chr1:200896013-200896306","chr1",200896013,200896306,200896159,90,200886159,200906159,"INAVA","INAVA","INAVA","INAVA",5111,"Intron (ENST00000532631.5/55765, intron 1 of 2)",1113,"Intron","chr1_200896013-200896306","Intron"
"chr1:201396684-201397156","chr1",201396684,201397156,201396920,118,201386920,201406920,"LOC101929343,LAD1","LOC101929343,LAD1,TNNI1","LAD1","LAD1",2995,"Promoter (<=1kb)",160,"Promoter","chr1_201396684-201397156","Promoter"
"chr1:202010176-202010594","chr1",202010176,202010594,202010385,136,202000385,202020385,"MIR6740,ELF3-AS1,ELF3","MIR6740,ELF3-AS1,ELF3,RNPEP","ELF3","ELF3",2440,"Promoter (<=1kb)",0,"Promoter","chr1_202010176-202010594","Promoter"
"chr1:202034857-202035302","chr1",202034857,202035302,202035079,328,202025079,202045079,"","","ELF3","ELF3",27134,"Distal Intergenic",21079,"Intergenic","chr1_202034857-202035302","Intergenic"
"chr1:204213832-204214252","chr1",204213832,204214252,204214042,96,204204042,204224042,"GOLT1A","GOLT1A,PLEKHA6","GOLT1A","GOLT1A",50,"Promoter (<=1kb)",0,"Promoter","chr1_204213832-204214252","Promoter"
"chr1:204726488-204726871","chr1",204726488,204726871,204726679,126,204716679,204736679,"","","LOC105371693","LRRN2",-40946,"Exon (ENST00000750348.1/ENST00000750348.1, exon 6 of 6)",-11407,"Exon","chr1_204726488-204726871","Exon"
"chr1:209653953-209654246","chr1",209653953,209654246,209654099,83,209644099,209664099,"LAMB3","HSD11B1-AS1,LAMB3","LAMB3","LAMB3",-1633,"Promoter (1-2kb)",-1528,"Promoter","chr1_209653953-209654246","Promoter"
"chr1:211515256-211515594","chr1",211515256,211515594,211515425,85,211505425,211525425,"","","LOC107985260","RD3",-22508,"Distal Intergenic",22934,"Intergenic","chr1_211515256-211515594","Intergenic"
"chr1:212237584-212237877","chr1",212237584,212237877,212237730,54,212227730,212247730,"","LINC02608","LINC02608","PPP2R5A",-47807,"Promoter (<=1kb)",0,"Promoter","chr1_212237584-212237877","Promoter"
"chr1:214507070-214507472","chr1",214507070,214507472,214507271,53,214497271,214517271,"","PTPN14","PTPN14","PTPN14",45178,"Intron (ENST00000366956.10/5784, intron 1 of 18)",43751,"Intron","chr1_214507070-214507472","Intron"
"chr1:219188561-219188917","chr1",219188561,219188917,219188739,51,219178739,219198739,"","LYPLAL1","LYPLAL1","LYPLAL1",14895,"Intron (ENST00000460522.5/127018, intron 2 of 3)",-9626,"Intron","chr1_219188561-219188917","Intron"
"chr1:221117541-221117899","chr1",221117541,221117899,221117720,109,221107720,221127720,"","","LOC101929750","HLX",238320,"Distal Intergenic",21473,"Intergenic","chr1_221117541-221117899","Intergenic"
"chr1:225412672-225413008","chr1",225412672,225413008,225412840,51,225402840,225422840,"","LBR","LBR","LBR",16085,"Promoter (1-2kb)",-1255,"Promoter","chr1_225412672-225413008","Promoter"
"chr1:225746830-225747172","chr1",225746830,225747172,225747001,115,225737001,225757001,"","LOC102723834,LOC107985352","LOC102723834","SRP9",-30812,"Intron (ENST00000448264.2/102723834, intron 2 of 2)",10975,"Intron","chr1_225746830-225747172","Intron"
"chr1:229270494-229270906","chr1",229270494,229270906,229270700,213,229260700,229280700,"RAB4A-AS1,RAB4A","RAB4A-AS1,RAB4A","RAB4A-AS1","RAB4A",-362,"Promoter (<=1kb)",97,"Promoter","chr1_229270494-229270906","Promoter"
"chr1:231233780-231234227","chr1",231233780,231234227,231234003,98,231224003,231244003,"FSAF1,GNPAT","FSAF1,GNPAT","FSAF1","FSAF1",7184,"Intron (ENST00000318906.6/128061, intron 2 of 5)",-4571,"Intron","chr1_231233780-231234227","Intron"
"chr1:233359476-233359959","chr1",233359476,233359959,233359717,298,233349717,233369717,"","MAP3K21","MAP3K21","MAP3K21",31949,"Intron (ENST00000366624.8/84451, intron 4 of 9)",-15824,"Intron","chr1_233359476-233359959","Intron"
"chr1:234960680-234960986","chr1",234960680,234960986,234960833,66,234950833,234970833,"LNCATV,LINC02971","LNCATV,LINC02971","LNCATV","TOMM20",168103,"Intron (ENST00000418557.1/101927851, intron 1 of 3)",1159,"Intron","chr1_234960680-234960986","Intron"
"chr1:236862674-236862967","chr1",236862674,236862967,236862820,92,236852820,236872820,"","MTR","MTR","MTR",67539,"Intron (ENST00000680454.1/4548, intron 21 of 31)",27058,"Intron","chr1_236862674-236862967","Intron"
"chr1:241531346-241531658","chr1",241531346,241531658,241531502,51,241521502,241541502,"KMO","KMO","KMO","KMO",-632,"Promoter (<=1kb)",-476,"Promoter","chr1_241531346-241531658","Promoter"
"chr1:241615520-241615837","chr1",241615520,241615837,241615678,86,241605678,241625678,"","OPN3","OPN3","OPN3",61698,"Intron (ENST00000366554.3/23596, intron 1 of 3)",-14342,"Intron","chr1_241615520-241615837","Intron"
"chr2:6203608-6203911","chr2",6203608,6203911,6203759,80,6193759,6213759,"","","LOC105373401","SOX11",511092,"Intron (ENST00000785644.1/ENST00000785644.1, intron 1 of 2)",110969,"Intron","chr2_6203608-6203911","Intron"
"chr2:8412215-8412508","chr2",8412215,8412508,8412361,103,8402361,8422361,"","LINC00299","LINC00299","ID2",-266484,"Exon (ENST00000764370.1/ENST00000764370.1, exon 1 of 7)",-28396,"Exon","chr2_8412215-8412508","Exon"
"chr2:8680339-8680730","chr2",8680339,8680730,8680534,188,8670534,8690534,"ID2-AS1,ID2","ID2-AS1,ID2","ID2","ID2",1689,"Exon (ENST00000844151.1/100506299, exon 2 of 2)",1131,"Exon","chr2_8680339-8680730","Exon"
"chr2:19682571-19682895","chr2",19682571,19682895,19682733,83,19672733,19692733,"LOC124905977","LOC124905977","LOC124905977","TTC32",219253,"Distal Intergenic",-8227,"Intergenic","chr2_19682571-19682895","Intergenic"
"chr2:20443398-20443708","chr2",20443398,20443708,20443553,81,20433553,20453553,"RHOB","RHOB","RHOB","RHOB",-3521,"Distal Intergenic",-3366,"Intergenic","chr2_20443398-20443708","Intergenic"
"chr2:34627010-34627303","chr2",34627010,34627303,34627156,61,34617156,34637156,"","LINC01320","LINC01320","FAM98A",-1027774,"Intron (ENST00000650021.1/104355288, intron 4 of 6)",-24650,"Intron","chr2_34627010-34627303","Intron"
"chr2:34705440-34705905","chr2",34705440,34705905,34705672,123,34695672,34715672,"","LINC01320,LOC124907752","LOC124907752","FAM98A",-1106290,"Promoter (<=1kb)",663,"Promoter","chr2_34705440-34705905","Promoter"
"chr2:38109765-38110209","chr2",38109765,38110209,38109987,142,38099987,38119987,"CYP1B1","LOC107985871,CYP1B1,CYP1B1-AS1","CYP1B1-AS1","CYP1B1",-85,"Promoter (<=1kb)",0,"Promoter","chr2_38109765-38110209","Promoter"
"chr2:42195465-42195934","chr2",42195465,42195934,42195699,158,42185699,42205699,"","EML4","EML4","EML4",26349,"Intron (ENST00000402711.6/27436, intron 1 of 21)",-24979,"Intron","chr2_42195465-42195934","Intron"
"chr2:43194074-43194610","chr2",43194074,43194610,43194342,517,43184342,43204342,"","LINC02580","LINC02580","ZFP36L2",32267,"Intron (ENST00000705257.1/100506047, intron 1 of 2)",22636,"Intron","chr2_43194074-43194610","Intron"
"chr2:44291370-44291916","chr2",44291370,44291916,44291643,185,44281643,44301643,"","SLC3A1","SLC3A1","SLC3A1",16185,"Intron (ENST00000649044.1/6519, intron 9 of 14)",5875,"Intron","chr2_44291370-44291916","Intron"
"chr2:47345116-47345443","chr2",47345116,47345443,47345279,85,47335279,47355279,"EPCAM-DT,EPCAM,BCYRN1","EPCAM-DT,EPCAM,BCYRN1","EPCAM","EPCAM",121,"Promoter (<=1kb)",0,"Promoter","chr2_47345116-47345443","Promoter"
"chr2:54545816-54546281","chr2",54545816,54546281,54546048,117,54536048,54556048,"SPTBN1-AS1","SPTBN1-AS1,SPTBN1","SPTBN1","SPTBN1",89763,"Intron (ENST00000356805.9/6711, intron 2 of 35)",-5119,"Intron","chr2_54545816-54546281","Intron"
"chr2:56448913-56449414","chr2",56448913,56449414,56449163,375,56439163,56459163,"","","CCDC85A","CCDC85A",265040,"Distal Intergenic",-73586,"Intergenic","chr2_56448913-56449414","Intergenic"
"chr2:60480581-60480920","chr2",60480581,60480920,60480750,126,60470750,60490750,"","BCL11A","BCL11A","BCL11A",72817,"Intron (ENST00000646249.1/53335, intron 3 of 4)",3545,"Intron","chr2_60480581-60480920","Intron"
"chr2:62570079-62570445","chr2",62570079,62570445,62570262,81,62560262,62580262,"","","TMEM17","TMEM17",-58368,"Intron (ENST00000807714.1/ENST00000807714.1, intron 3 of 3)",-58185,"Intron","chr2_62570079-62570445","Intron"
"chr2:67572088-67572508","chr2",67572088,67572508,67572298,171,67562298,67582298,"","LINC02831,LOC105374786","LOC105374786","ETAA1",174979,"Intron (ENST00000833778.1/102724373, intron 5 of 6)",5543,"Intron","chr2_67572088-67572508","Intron"
"chr2:69685546-69686054","chr2",69685546,69686054,69685800,120,69675800,69695800,"","ANXA4","ANXA4","ANXA4",41375,"Intron (ENST00000418066.2/307, intron 2 of 3)",5028,"Intron","chr2_69685546-69686054","Intron"
"chr2:74442286-74442631","chr2",74442286,74442631,74442458,47,74432458,74452458,"RTKN","RTKN","RTKN","RTKN",-36,"Promoter (<=1kb)",0,"Promoter","chr2_74442286-74442631","Promoter"
"chr2:85354461-85354846","chr2",85354461,85354846,85354653,203,85344653,85364653,"RETSAT,ELMOD3","RETSAT,ELMOD3","ELMOD3","ELMOD3",259,"Promoter (<=1kb)",0,"Promoter","chr2_85354461-85354846","Promoter"
"chr2:86627980-86628356","chr2",86627980,86628356,86628168,56,86618168,86638168,"LOC124907853,RNF103","RNF103-CHMP3,CHMP3-AS1,LOC124907853,RNF103","RNF103-CHMP3","RNF103-CHMP3",92954,"Exon (ENST00000725397.1/124907853, exon 2 of 2)",3776,"Exon","chr2_86627980-86628356","Exon"
"chr2:96505312-96505639","chr2",96505312,96505639,96505475,61,96495475,96515475,"NEURL3","NEURL3","NEURL3","NEURL3",2634,"Promoter (<=1kb)",0,"Promoter","chr2_96505312-96505639","Promoter"
"chr2:101999148-101999518","chr2",101999148,101999518,101999333,88,101989333,102009333,"IL1R2","IL1R2","IL1R2","IL1R2",7489,"Promoter (<=1kb)",153,"Promoter","chr2_101999148-101999518","Promoter"
"chr2:102190523-102190965","chr2",102190523,102190965,102190744,123,102180744,102200744,"IL1R1-AS1,IL1RL2","IL1R1-AS1,IL1RL2","IL1RL2","IL1RL2",3771,"Intron (ENST00000481806.1/8808, intron 2 of 9)",3209,"Intron","chr2_102190523-102190965","Intron"
"chr2:114022257-114022732","chr2",114022257,114022732,114022494,79,114012494,114032494,"","LINC01191","LINC01191","ACTR3",132534,"Intron (ENST00000828060.1/440900, intron 1 of 1)",-16602,"Intron","chr2_114022257-114022732","Intron"
"chr2:119487612-119488007","chr2",119487612,119488007,119487809,185,119477809,119497809,"","SCTR-AS1,SCTR","SCTR","SCTR",37492,"Intron (ENST00000019103.8/6344, intron 2 of 12)",-7723,"Intron","chr2_119487612-119488007","Intron"
"chr2:127735601-127735913","chr2",127735601,127735913,127735757,44,127725757,127745757,"","WDR33","WDR33","WDR33",75430,"3' UTR",34104,"3UTR","chr2_127735601-127735913","3UTR"
"chr2:132416327-132416834","chr2",132416327,132416834,132416580,373,132406580,132426580,"LOC124905948,GPR39","LOC124905948,GPR39","LOC124905948","GPR39",6,"Promoter (<=1kb)",0,"Promoter","chr2_132416327-132416834","Promoter"
"chr2:137975557-137975893","chr2",137975557,137975893,137975725,85,137965725,137985725,"","HNMT","HNMT","HNMT",11705,"Intron (ENST00000410115.5/3176, intron 3 of 6)",11043,"Intron","chr2_137975557-137975893","Intron"
"chr2:147464117-147464622","chr2",147464117,147464622,147464369,291,147454369,147474369,"","","ACVR2A","ACVR2A",-380148,"Distal Intergenic",-379895,"Intergenic","chr2_147464117-147464622","Intergenic"
"chr2:149570380-149570859","chr2",149570380,149570859,149570619,15,149560619,149580619,"","MMADHC","MMADHC","MMADHC",17197,"Intron (ENST00000303319.10/27249, intron 7 of 7)",-16337,"Intron","chr2_149570380-149570859","Intron"
"chr2:164711357-164712167","chr2",164711357,164712167,164711762,116,164701762,164721762,"","COBLL1","COBLL1","COBLL1",131917,"Intron (ENST00000375458.6/22837, intron 6 of 12)",-5980,"Intron","chr2_164711357-164712167","Intron"
"chr2:170573647-170574047","chr2",170573647,170574047,170573847,71,170563847,170583847,"","MYO3B","MYO3B","MYO3B",395702,"Intron (ENST00000438642.6/140469, intron 33 of 33)",121327,"Intron","chr2_170573647-170574047","Intron"
"chr2:173048911-173049637","chr2",173048911,173049637,173049274,35,173039274,173059274,"","RAPGEF4","RAPGEF4","RAPGEF4",314000,"Promoter (<=1kb)",783,"Promoter","chr2_173048911-173049637","Promoter"
"chr2:182076615-182076908","chr2",182076615,182076908,182076761,42,182066761,182086761,"","PPP1R1C","PPP1R1C","PPP1R1C",122520,"Intron (ENST00000495820.5/151242, intron 4 of 4)",15152,"Intron","chr2_182076615-182076908","Intron"
"chr2:188415686-188416027","chr2",188415686,188416027,188415856,81,188405856,188425856,"","GULP1","GULP1","GULP1",124187,"Intron (ENST00000409843.5/51454, intron 2 of 12)",-31373,"Intron","chr2_188415686-188416027","Intron"
"chr2:195544579-195544980","chr2",195544579,195544980,195544779,58,195534779,195554779,"","LINC01825","LINC01825","SLC39A10",-31198,"Intron (ENST00000760487.1/ENST00000760487.1, intron 1 of 2)",11544,"Intron","chr2_195544579-195544980","Intron"
"chr2:197452926-197453289","chr2",197452926,197453289,197453107,84,197443107,197463107,"COQ10B","COQ10B","COQ10B","COQ10B",-316,"Promoter (<=1kb)",-204,"Promoter","chr2_197452926-197453289","Promoter"
"chr2:205975182-205975680","chr2",205975182,205975680,205975431,351,205965431,205985431,"","","INO80D","INO80D",110872,"Distal Intergenic",87564,"Intergenic","chr2_205975182-205975680","Intergenic"
"chr2:207819888-207820334","chr2",207819888,207820334,207820111,240,207810111,207830111,"","PLEKHM3","PLEKHM3","PLEKHM3",205449,"Distal Intergenic",49634,"Intergenic","chr2_207819888-207820334","Intergenic"
"chr2:232781813-232782107","chr2",232781813,232782107,232781960,53,232771960,232791960,"KCNJ13","GIGYF2,KCNJ13","GIGYF2","GIGYF2",84661,"Intron (ENST00000629305.2/26058, intron 9 of 29)",5061,"Intron","chr2_232781813-232782107","Intron"
"chr2:238299933-238300299","chr2",238299933,238300299,238300116,54,238290116,238310116,"PER2","LOC112268433,PER2","PER2","PER2",-10014,"Promoter (<=1kb)",0,"Promoter","chr2_238299933-238300299","Promoter"
"chr3:8444319-8444738","chr3",8444319,8444738,8444528,72,8434528,8454528,"","LMCD1-AS1,LOC101927394","LOC101927394","LMCD1",-57179,"Exon (ENST00000793989.1/ENST00000793989.1, exon 3 of 3)",56860,"Exon","chr3_8444319-8444738","Exon"
"chr3:9897936-9898266","chr3",9897936,9898266,9898101,85,9888101,9908101,"IL17RE,JAGN1","IL17RE,JAGN1","JAGN1","JAGN1",7547,"Distal Intergenic",-4346,"Intergenic","chr3_9897936-9898266","Intergenic"
"chr3:30597197-30597676","chr3",30597197,30597676,30597436,280,30587436,30607436,"LOC105377015,TGFBR2","LOC105377015,TGFBR2","LOC105377015","TGFBR2",-9066,"Distal Intergenic",8617,"Intergenic","chr3_30597197-30597676","Intergenic"
"chr3:33097226-33097663","chr3",33097226,33097663,33097444,83,33087444,33107444,"GLB1,TMPPE","GLB1,TMPPE","GLB1","GLB1",-214,"Promoter (<=1kb)",-24,"Promoter","chr3_33097226-33097663","Promoter"
"chr3:37964579-37965045","chr3",37964579,37965045,37964812,234,37954812,37974812,"MIR26A1","CTDSPL,MIR26A1","CTDSPL","CTDSPL",102852,"Promoter (<=1kb)",0,"Promoter","chr3_37964579-37965045","Promoter"
"chr3:42576090-42576383","chr3",42576090,42576383,42576236,21,42566236,42586236,"SS18L2","SS18L2,SEC22C","SEC22C","SEC22C",24844,"Intron (ENST00000423701.6/9117, intron 1 of 5)",-5457,"Intron","chr3_42576090-42576383","Intron"
"chr3:48015412-48015742","chr3",48015412,48015742,48015577,82,48005577,48025577,"","MAP4","MAP4","MAP4",73695,"Promoter (<=1kb)",670,"Promoter","chr3_48015412-48015742","Promoter"
"chr3:50235719-50236024","chr3",50235719,50236024,50235871,42,50225871,50245871,"MIR5787,GNAI2","MIR5787,GNAI2","GNAI2","GNAI2",9579,"Promoter (<=1kb)",-180,"Promoter","chr3_50235719-50236024","Promoter"
"chr3:50601024-50601434","chr3",50601024,50601434,50601229,138,50591229,50611229,"","CISH,HEMK1","HEMK1","HEMK1",32077,"Exon (ENST00000741019.1/ENST00000741019.1, exon 1 of 2)",-10086,"Exon","chr3_50601024-50601434","Exon"
"chr3:53238022-53238402","chr3",53238022,53238402,53238212,140,53228212,53248212,"","TKT","TKT","TKT",17840,"Intron (ENST00000462138.6/7086, intron 4 of 13)",-2415,"Intron","chr3_53238022-53238402","Intron"
"chr3:53506440-53506770","chr3",53506440,53506770,53506605,96,53496605,53516605,"","CACNA1D","CACNA1D","CACNA1D",177642,"Intron (ENST00000637424.1/776, intron 3 of 46)",11246,"Intron","chr3_53506440-53506770","Intron"
"chr3:53806558-53806891","chr3",53806558,53806891,53806724,96,53796724,53816724,"","CHDH,CACNA1D","CACNA1D","CACNA1D",477761,"Promoter (<=1kb)",-620,"Promoter","chr3_53806558-53806891","Promoter"
"chr3:57803684-57804084","chr3",57803684,57804084,57803884,58,57793884,57813884,"","SLMAP","SLMAP","SLMAP",48434,"Intron (ENST00000295951.7/7871, intron 2 of 21)",-24339,"Intron","chr3_57803684-57804084","Intron"
"chr3:65954295-65954593","chr3",65954295,65954593,65954444,130,65944444,65964444,"MAGI1-IT1","MAGI1-IT1,MAGI1","MAGI1","MAGI1",84390,"Promoter (<=1kb)",0,"Promoter","chr3_65954295-65954593","Promoter"
"chr3:102180447-102180746","chr3",102180447,102180746,102180596,24,102170596,102190596,"","ZPLD1","ZPLD1","ZPLD1",81352,"Intron (ENST00000491959.5/131368, intron 2 of 17)",16760,"Intron","chr3_102180447-102180746","Intron"
"chr3:108297669-108297962","chr3",108297669,108297962,108297815,31,108287815,108307815,"HHLA2","HHLA2","HHLA2","HHLA2",1325,"Intron (ENST00000467282.5/11148, intron 1 of 3)",1120,"Intron","chr3_108297669-108297962","Intron"
"chr3:110344970-110345264","chr3",110344970,110345264,110345117,46,110335117,110355117,"","","LOC105374036","NECTIN3",-724954,"Distal Intergenic",-94804,"Intergenic","chr3_110344970-110345264","Intergenic"
"chr3:114718772-114719246","chr3",114718772,114719246,114719009,185,114709009,114729009,"","ZBTB20","ZBTB20","ZBTB20",428262,"Intron (ENST00000675478.1/26137, intron 5 of 11)",-4775,"Intron","chr3_114718772-114719246","Intron"
"chr3:114745845-114746259","chr3",114745845,114746259,114746052,123,114736052,114756052,"MIR4796","MIR4796,ZBTB20","ZBTB20","ZBTB20",401219,"Intron (ENST00000675478.1/26137, intron 5 of 11)",-2320,"Intron","chr3_114745845-114746259","Intron"
"chr3:120678311-120678687","chr3",120678311,120678687,120678499,159,120668499,120688499,"HGD","RABL3,HGD","HGD","HGD",4072,"Intron (ENST00000283871.10/3081, intron 1 of 13)",3426,"Intron","chr3_120678311-120678687","Intron"
"chr3:123754971-123755480","chr3",123754971,123755480,123755225,417,123745225,123765225,"","MYLK","MYLK","MYLK",129106,"Intron (ENST00000802916.1/ENST00000802916.1, intron 1 of 2)",2909,"Intron","chr3_123754971-123755480","Intron"
"chr3:136625106-136625546","chr3",136625106,136625546,136625326,289,136615326,136635326,"","STAG1","STAG1","STAG1",127077,"Intron (ENST00000236698.9/10274, intron 2 of 32)",-20633,"Intron","chr3_136625106-136625546","Intron"
"chr3:154023156-154023452","chr3",154023156,154023452,154023304,48,154013304,154033304,"","ARHGEF26-AS1","ARHGEF26-AS1","ARHGEF26",-97699,"Distal Intergenic",5851,"Intergenic","chr3_154023156-154023452","Intergenic"
"chr3:155737759-155738171","chr3",155737759,155738171,155737965,202,155727965,155747965,"PLCH1","PLCH1","PLCH1","PLCH1",7102,"Intron (ENST00000460012.7/23007, intron 1 of 22)",6900,"Intron","chr3_155737759-155738171","Intron"
"chr3:172595535-172595836","chr3",172595535,172595836,172595685,52,172585685,172605685,"LINC02068","LINC02068","LINC02068","NCEH1",115533,"Promoter (<=1kb)",0,"Promoter","chr3_172595535-172595836","Promoter"
"chr3:194112523-194112949","chr3",194112523,194112949,194112736,213,194102736,194122736,"","LOC102724877","LOC102724877","HES1",-23409,"Intron (ENST00000716445.1/102724877, intron 5 of 6)",20962,"Intron","chr3_194112523-194112949","Intron"
"chr4:5138085-5138378","chr4",5138085,5138378,5138231,88,5128231,5148231,"","STK32B","STK32B","STK32B",86789,"Promoter (1-2kb)",-1182,"Promoter","chr4_5138085-5138378","Promoter"
"chr4:8198958-8199272","chr4",8198958,8199272,8199115,66,8189115,8209115,"","SH3TC1","SH3TC1","SH3TC1",17043,"Promoter (<=1kb)",-18,"Promoter","chr4_8198958-8199272","Promoter"
"chr4:13991187-13991660","chr4",13991187,13991660,13991423,71,13981423,14001423,"","LINC01182,LOC107986182","LOC107986182","BOD1L1",-363700,"Intron (ENST00000669061.1/101929071, intron 4 of 4)",-120220,"Intron","chr4_13991187-13991660","Intron"
"chr4:24597949-24598287","chr4",24597949,24598287,24598118,92,24588118,24608118,"LOC124900682","LOC124900682","LOC124900682","DHX15",-13568,"Promoter (<=1kb)",0,"Promoter","chr4_24597949-24598287","Promoter"
"chr4:31146366-31146717","chr4",31146366,31146717,31146541,115,31136541,31156541,"","PCDH7","PCDH7","PCDH7",426126,"3' UTR",-24296,"3UTR","chr4_31146366-31146717","3UTR"
"chr4:37431380-37431765","chr4",37431380,37431765,37431572,51,37421572,37441572,"","NWD2","NWD2","NWD2",187352,"Intron (ENST00000309447.6/57495, intron 4 of 6)",-22160,"Intron","chr4_37431380-37431765","Intron"
"chr4:39515041-39515494","chr4",39515041,39515494,39515267,129,39505267,39525267,"","UGDH","UGDH","UGDH",13044,"Intron (ENST00000316423.11/7358, intron 2 of 11)",11063,"Intron","chr4_39515041-39515494","Intron"
"chr4:40418456-40418843","chr4",40418456,40418843,40418649,126,40408649,40428649,"","RBM47","RBM47","RBM47",212226,"Distal Intergenic",47802,"Intergenic","chr4_40418456-40418843","Intergenic"
"chr4:40576873-40577327","chr4",40576873,40577327,40577100,148,40567100,40587100,"","RBM47","RBM47","RBM47",53775,"Intron (ENST00000295971.12/54502, intron 1 of 6)",52202,"Intron","chr4_40576873-40577327","Intron"
"chr4:68732842-68733269","chr4",68732842,68733269,68733055,108,68723055,68743055,"","","UGT2B15","UGT2B15",-62427,"Intron (ENST00000789023.1/ENST00000789023.1, intron 2 of 4)",-62190,"Intron","chr4_68732842-68733269","Intron"
"chr4:104128848-104129177","chr4",104128848,104129177,104129012,61,104119012,104139012,"","","LINC02503","CXXC4",365889,"Distal Intergenic",167232,"Intergenic","chr4_104128848-104129177","Intergenic"
"chr4:105594587-105595017","chr4",105594587,105595017,105594802,81,105584802,105604802,"","ARHGEF38","ARHGEF38","ARHGEF38",42182,"Intron (ENST00000265154.6/54848, intron 2 of 3)",32996,"Intron","chr4_105594587-105595017","Intron"
"chr4:128573866-128574266","chr4",128573866,128574266,128574066,108,128564066,128584066,"LINC03140","LINC03140","LINC03140","JADE1",-235557,"Distal Intergenic",-3335,"Intergenic","chr4_128573866-128574266","Intergenic"
"chr4:140343254-140343707","chr4",140343254,140343707,140343480,160,140333480,140353480,"","SCOC-AS1,LOC124900785,SCOC","SCOC","SCOC",86194,"Promoter (<=1kb)",0,"Promoter","chr4_140343254-140343707","Promoter"
"chr4:142314653-142315107","chr4",142314653,142315107,142314880,134,142304880,142324880,"","INPP4B","INPP4B","INPP4B",532552,"3' UTR",-8709,"3UTR","chr4_142314653-142315107","3UTR"
"chr4:145619624-145619963","chr4",145619624,145619963,145619793,114,145609793,145629793,"","MMAA","MMAA","MMAA",1530,"Promoter (<=1kb)",120,"Promoter","chr4_145619624-145619963","Promoter"
"chr4:147617124-147617417","chr4",147617124,147617417,147617270,35,147607270,147627270,"TMEM184C-DT,TMEM184C","TMEM184C-DT,TMEM184C","TMEM184C-DT","TMEM184C",-113,"Promoter (<=1kb)",0,"Promoter","chr4_147617124-147617417","Promoter"
"chr4:184104489-184104847","chr4",184104489,184104847,184104668,100,184094668,184114668,"","ENPP6","ENPP6","ENPP6",116562,"Exon (ENST00000662866.1/ENST00000662866.1, exon 4 of 4)",12974,"Exon","chr4_184104489-184104847","Exon"
"chr4:185830583-185830966","chr4",185830583,185830966,185830774,79,185820774,185840774,"","SORBS2","SORBS2","SORBS2",125878,"Intron (ENST00000284776.11/8470, intron 1 of 20)",-17459,"Intron","chr4_185830583-185830966","Intron"
"chr5:9409000-9409363","chr5",9409000,9409363,9409181,90,9399181,9419181,"","SEMA5A","SEMA5A","SEMA5A",136894,"Intron (ENST00000511310.1/ENST00000511310.1, intron 3 of 3)",-28799,"Intron","chr5_9409000-9409363","Intron"
"chr5:16521721-16522018","chr5",16521721,16522018,16521869,83,16511869,16531869,"","RETREG1","RETREG1","RETREG1",95189,"Intron (ENST00000306320.10/54463, intron 3 of 8)",6774,"Intron","chr5_16521721-16522018","Intron"
"chr5:21768158-21768482","chr5",21768158,21768482,21768320,35,21758320,21778320,"","CDH12,LOC105374685","LOC105374685","CDH12",1085302,"Intron (ENST00000522350.1/105374685, intron 2 of 3)",121365,"Intron","chr5_21768158-21768482","Intron"
"chr5:32302813-32303213","chr5",32302813,32303213,32303013,121,32293013,32313013,"MTMR12","MTMR12","MTMR12","MTMR12",9996,"Intron (ENST00000280285.9/54545, intron 1 of 14)",9711,"Intron","chr5_32302813-32303213","Intron"
"chr5:34686936-34687262","chr5",34686936,34687262,34687099,100,34677099,34697099,"RAI14-DT","RAI14-DT,RAI14","RAI14","RAI14",30862,"Promoter (<=1kb)",74,"Promoter","chr5_34686936-34687262","Promoter"
"chr5:35237824-35238134","chr5",35237824,35238134,35237979,77,35227979,35247979,"PRLR","PRLR","PRLR","PRLR",-7390,"Distal Intergenic",-7337,"Intergenic","chr5_35237824-35238134","Intergenic"
"chr5:41182747-41183128","chr5",41182747,41183128,41182937,67,41172937,41192937,"","C6","C6","C6",78501,"Intron (ENST00000337836.10/729, intron 6 of 17)",3263,"Intron","chr5_41182747-41183128","Intron"
"chr5:45491382-45491740","chr5",45491382,45491740,45491561,87,45481561,45501561,"","HCN1","HCN1","HCN1",204937,"Intron (ENST00000303230.6/348980, intron 2 of 7)",-11246,"Intron","chr5_45491382-45491740","Intron"
"chr5:59296224-59296675","chr5",59296224,59296675,59296449,218,59286449,59306449,"","PDE4D","PDE4D","PDE4D",1225671,"Intron (ENST00000507116.6/5144, intron 1 of 14)",-20105,"Intron","chr5_59296224-59296675","Intron"
"chr5:72837765-72838058","chr5",72837765,72838058,72837911,56,72827911,72847911,"","TNPO1","TNPO1","TNPO1",21599,"Intron (ENST00000680533.1/3842, intron 1 of 23)",-10063,"Intron","chr5_72837765-72838058","Intron"
"chr5:74949071-74949452","chr5",74949071,74949452,74949261,132,74939261,74959261,"","LOC105379040,GCNT4","GCNT4","GCNT4",81638,"Promoter (<=1kb)",806,"Promoter","chr5_74949071-74949452","Promoter"
"chr5:92433788-92434110","chr5",92433788,92434110,92433949,43,92423949,92443949,"","LOC105379080,LOC105379082","LOC105379082","ARRDC3",-1050590,"Intron (ENST00000507217.5/105379080, intron 3 of 3)",61668,"Intron","chr5_92433788-92434110","Intron"
"chr5:96199782-96200118","chr5",96199782,96200118,96199950,103,96189950,96209950,"","LOC101929710,CAST","CAST","PCSK1",234193,"Intron (ENST00000502645.3/831, intron 2 of 5)",14851,"Intron","chr5_96199782-96200118","Intron"
"chr5:119302981-119303359","chr5",119302981,119303359,119303170,54,119293170,119313170,"","TNFAIP8","TNFAIP8","TNFAIP8",34478,"Intron (ENST00000274456.6/25816, intron 1 of 1)",-29816,"Intron","chr5_119302981-119303359","Intron"
"chr5:125012834-125013170","chr5",125012834,125013170,125013002,54,125003002,125023002,"LOC105379158","LOC101927421,LOC105379158","LOC101927421","ZNF608",-264195,"Intron (ENST00000647105.1/101927421, intron 1 of 6)",-4710,"Intron","chr5_125012834-125013170","Intron"
"chr5:126371142-126371544","chr5",126371142,126371544,126371343,124,126361343,126381343,"LOC124901056","LOC101927514,LOC124901056,GRAMD2B","GRAMD2B","GRAMD2B",11211,"Promoter (<=1kb)",0,"Promoter","chr5_126371142-126371544","Promoter"
"chr5:131265528-131265832","chr5",131265528,131265832,131265680,74,131255680,131275680,"","CDC42SE2","CDC42SE2","CDC42SE2",20187,"Intron (ENST00000502840.5/56990, intron 2 of 3)",1453,"Intron","chr5_131265528-131265832","Intron"
"chr5:134415870-134416316","chr5",134415870,134416316,134416093,100,134406093,134426093,"CDKN2AIPNL","CDKN2AIPNL","CDKN2AIPNL","CDKN2AIPNL",-4195,"Intron (ENST00000764987.1/ENST00000764987.1, intron 1 of 3)",-3989,"Intron","chr5_134415870-134416316","Intron"
"chr5:146182583-146182891","chr5",146182583,146182891,146182737,53,146172737,146192737,"LARS1","LARS1","LARS1","LARS1",-77,"Promoter (<=1kb)",0,"Promoter","chr5_146182583-146182891","Promoter"
"chr5:157059013-157059360","chr5",157059013,157059360,157059186,84,157049186,157069186,"","HAVCR1","HAVCR1","HAVCR1",-67,"Promoter (<=1kb)",0,"Promoter","chr5_157059013-157059360","Promoter"
"chr5:164233757-164234050","chr5",164233757,164234050,164233903,72,164223903,164243903,"","","LINC03000","MAT2B",730789,"Exon (ENST00000521805.1/ENST00000521805.1, exon 1 of 5)",-62299,"Exon","chr5_164233757-164234050","Exon"
"chr5:173689243-173689591","chr5",173689243,173689591,173689417,69,173679417,173699417,"LINC01942","LINC01942","LINC01942","BOD1",-72757,"Promoter (<=1kb)",0,"Promoter","chr5_173689243-173689591","Promoter"
"chr6:3231526-3231939","chr6",3231526,3231939,3231732,126,3221732,3241732,"LOC100422781,TUBB2B,PSMG4","LOC100422781,TUBB2B,PSMG4","LOC100422781","PSMG4",329,"Promoter (<=1kb)",0,"Promoter","chr6_3231526-3231939","Promoter"
"chr6:6683959-6684342","chr6",6683959,6684342,6684150,90,6674150,6694150,"LOC101928047","LOC101928004,LOC101928047","LOC101928047","LY86",96042,"Exon (ENST00000563225.2/ENST00000563225.2, exon 1 of 1)",-2859,"Exon","chr6_6683959-6684342","Exon"
"chr6:6969796-6970170","chr6",6969796,6970170,6969983,167,6959983,6979983,"","","LOC105374904","RREB1",-137614,"Exon (ENST00000791625.1/ENST00000791625.1, exon 1 of 2)",-23021,"Exon","chr6_6969796-6970170","Exon"
"chr6:7241810-7242196","chr6",7241810,7242196,7242003,115,7232003,7252003,"","RREB1","RREB1","RREB1",134406,"Intron (ENST00000379933.7/6239, intron 10 of 11)",59167,"Intron","chr6_7241810-7242196","Intron"
"chr6:11275657-11275960","chr6",11275657,11275960,11275808,61,11265808,11285808,"","NEDD9","NEDD9","NEDD9",106540,"Intron (ENST00000448183.6/4739, intron 3 of 9)",-15339,"Intron","chr6_11275657-11275960","Intron"
"chr6:12363812-12364255","chr6",12363812,12364255,12364033,177,12354033,12374033,"","","LOC124901260","EDN1",73670,"Distal Intergenic",-52562,"Intergenic","chr6_12363812-12364255","Intergenic"
"chr6:12371666-12371974","chr6",12371666,12371974,12371820,25,12361820,12381820,"","","LOC124901260","EDN1",81457,"Distal Intergenic",-60416,"Intergenic","chr6_12371666-12371974","Intergenic"
"chr6:20877362-20877760","chr6",20877362,20877760,20877561,102,20867561,20887561,"","CDKAL1","CDKAL1","CDKAL1",343104,"Intron (ENST00000274695.8/54901, intron 9 of 15)",263175,"Intron","chr6_20877362-20877760","Intron"
"chr6:21045226-21045637","chr6",21045226,21045637,21045431,67,21035431,21055431,"","CDKAL1","CDKAL1","CDKAL1",510974,"Intron (ENST00000274695.8/54901, intron 11 of 15)",95298,"Intron","chr6_21045226-21045637","Intron"
"chr6:26065941-26066356","chr6",26065941,26066356,26066148,143,26056148,26076148,"H1-2","H1-2","H1-2","H1-2",-9720,"Distal Intergenic",-9471,"Intergenic","chr6_26065941-26066356","Intergenic"
"chr6:37742162-37742461","chr6",37742162,37742461,37742311,66,37732311,37752311,"","","MDGA1","MDGA1",-43005,"Distal Intergenic",-42856,"Intergenic","chr6_37742162-37742461","Intergenic"
"chr6:41013533-41013833","chr6",41013533,41013833,41013683,42,41003683,41023683,"","LOC101929555","LOC101929555","UNC5CL",25534,"Intron (ENST00000740548.1/101929555, intron 1 of 5)",9437,"Intron","chr6_41013533-41013833","Intron"
"chr6:43806460-43806827","chr6",43806460,43806827,43806643,96,43796643,43816643,"LOC105375070","LOC105375070","LOC105375070","VEGFA",36459,"Intron (ENST00000719556.1/105375070, intron 2 of 2)",3267,"Intron","chr6_43806460-43806827","Intron"
"chr6:43833774-43834137","chr6",43833774,43834137,43833955,77,43823955,43843955,"LOC105375069","LOC105375069,LOC105375070","LOC105375070","VEGFA",63771,"Intron (ENST00000719551.1/105375070, intron 1 of 2)",-4325,"Intron","chr6_43833774-43834137","Intron"
"chr6:47419653-47420015","chr6",47419653,47420015,47419834,176,47409834,47429834,"LOC105375082","LOC105375082","LOC105375082","CD2AP",-57955,"Distal Intergenic",-4539,"Intergenic","chr6_47419653-47420015","Intergenic"
"chr6:47460270-47460733","chr6",47460270,47460733,47460501,238,47450501,47470501,"","","CD2AP-DT","CD2AP",-17288,"Exon (ENST00000827306.1/ENST00000827306.1, exon 1 of 2)",-17056,"Exon","chr6_47460270-47460733","Exon"
"chr6:56279704-56280031","chr6",56279704,56280031,56279867,81,56269867,56289867,"","COL21A1","COL21A1","COL21A1",114227,"Intron (ENST00000370819.5/81578, intron 1 of 28)",-32124,"Intron","chr6_56279704-56280031","Intron"
"chr6:63458600-63459042","chr6",63458600,63459042,63458821,92,63448821,63468821,"","LGSN","LGSN","PTP4A1",-62940,"Intron (ENST00000825504.1/51557, intron 1 of 5)",-16246,"Intron","chr6_63458600-63459042","Intron"
"chr6:70398920-70399338","chr6",70398920,70399338,70399129,169,70389129,70409129,"LOC105377847","LINC01610,LOC105377847","LOC105377847","FAM135A",-13812,"Promoter (<=1kb)",0,"Promoter","chr6_70398920-70399338","Promoter"
"chr6:73520992-73521383","chr6",73520992,73521383,73521187,83,73511187,73531187,"EEF1A1-AS1,EEF1A1","EEF1A1-AS1,EEF1A1","EEF1A1","EEF1A1",2610,"Promoter (<=1kb)",0,"Promoter","chr6_73520992-73521383","Promoter"
"chr6:85405321-85405660","chr6",85405321,85405660,85405490,117,85395490,85415490,"LINC02535","LINC02535","LINC02535","NT5E",-44094,"Promoter (<=1kb)",-410,"Promoter","chr6_85405321-85405660","Promoter"
"chr6:85612978-85613405","chr6",85612978,85613405,85613191,39,85603191,85623191,"","SYNCRIP,SNX14","SNX14","SYNCRIP",30601,"3' UTR",1829,"3UTR","chr6_85612978-85613405","3UTR"
"chr6:100455878-100456275","chr6",100455878,100456275,100456076,140,100446076,100466076,"SIM1","SIM1","SIM1","SIM1",8853,"Intron (ENST00000369208.8/6492, intron 2 of 11)",7402,"Intron","chr6_100455878-100456275","Intron"
"chr6:106787457-106787752","chr6",106787457,106787752,106787604,57,106777604,106797604,"MIR587","LINC02532,MIR587","LINC02532","QRSL1",158026,"Promoter (<=1kb)",0,"Promoter","chr6_106787457-106787752","Promoter"
"chr6:116060590-116061030","chr6",116060590,116061030,116060810,60,116050810,116070810,"","FRK","FRK","FRK",-52,"Promoter (<=1kb)",0,"Promoter","chr6_116060590-116061030","Promoter"
"chr6:122798233-122798687","chr6",122798233,122798687,122798460,121,122788460,122808460,"SMPDL3A","SMPDL3A","SMPDL3A","SMPDL3A",9411,"Intron (ENST00000539041.5/10924, intron 2 of 6)",8941,"Intron","chr6_122798233-122798687","Intron"
"chr6:125899651-125899958","chr6",125899651,125899958,125899804,89,125889804,125909804,"","NCOA7","NCOA7","NCOA7",118643,"Promoter (<=1kb)",0,"Promoter","chr6_125899651-125899958","Promoter"
"chr6:132333679-132334070","chr6",132333679,132334070,132333874,98,132323874,132343874,"","MOXD1","MOXD1","MOXD1",67671,"Intron (ENST00000367963.8/26002, intron 4 of 11)",-8532,"Intron","chr6_132333679-132334070","Intron"
"chr6:135722691-135723112","chr6",135722691,135723112,135722901,149,135712901,135732901,"","AHI1-DT","AHI1-DT","PDE7B",-128795,"Intron (ENST00000685995.1/100131814, intron 5 of 7)",50321,"Intron","chr6_135722691-135723112","Intron"
"chr6:144921634-144921971","chr6",144921634,144921971,144921802,105,144911802,144931802,"","","UTRN","UTRN",636101,"Intron (ENST00000765708.1/ENST00000765708.1, intron 2 of 2)",82585,"Intron","chr6_144921634-144921971","Intron"
"chr6:152381474-152381913","chr6",152381474,152381913,152381693,102,152371693,152391693,"SYNE1-AS1","SYNE1-AS1,SYNE1","SYNE1","SYNE1",256108,"Promoter (<=1kb)",-254,"Promoter","chr6_152381474-152381913","Promoter"
"chr6:154863920-154864219","chr6",154863920,154864219,154864069,36,154854069,154874069,"","TIAM2","TIAM2","TIAM2",31372,"Intron (ENST00000461783.7/26230, intron 2 of 28)",10560,"Intron","chr6_154863920-154864219","Intron"
"chr6:155694077-155694377","chr6",155694077,155694377,155694227,49,155684227,155704227,"","LOC105378069","LOC105378069","NOX3",-238324,"Intron (ENST00000849535.1/105378069, intron 2 of 3)",15108,"Intron","chr6_155694077-155694377","Intron"
"chr6:160254684-160255161","chr6",160254684,160255161,160254922,185,160244922,160264922,"","SLC22A2","SLC22A2","SLC22A2",22716,"Exon (ENST00000721154.1/ENST00000721154.1, exon 2 of 3)",3578,"Exon","chr6_160254684-160255161","Exon"
"chr6:162058280-162058793","chr6",162058280,162058793,162058536,343,162048536,162068536,"","PRKN","PRKN","PRKN",669235,"Intron (ENST00000366898.6/5071, intron 4 of 11)",142739,"Intron","chr6_162058280-162058793","Intron"
"chr6:166610799-166611154","chr6",166610799,166611154,166610976,28,166600976,166620976,"","RPS6KA2","RPS6KA2","RPS6KA2",295475,"Intron (ENST00000265678.9/6196, intron 1 of 20)",16097,"Intron","chr6_166610799-166611154","Intron"
"chr6:168262029-168262448","chr6",168262029,168262448,168262238,74,168252238,168272238,"","LOC101929420","LOC101929420","DACT2",57516,"Exon (ENST00000446811.2/101929420, exon 5 of 5)",19015,"Exon","chr6_168262029-168262448","Exon"
"chr7:326872-327190","chr7",326872,327190,327031,144,317031,337031,"LOC105375118","LOC105375118","LOC105375118","FAM20C",134062,"Distal Intergenic",5969,"Intergenic","chr7_326872-327190","Intergenic"
"chr7:503506-503881","chr7",503506,503881,503693,175,493693,513693,"","PDGFA","PDGFA","PDGFA",16603,"Intron (ENST00000402802.8/5154, intron 4 of 5)",9586,"Intron","chr7_503506-503881","Intron"
"chr7:28621798-28622232","chr7",28621798,28622232,28622015,106,28612015,28632015,"","CREB5","CREB5","CREB5",322694,"Intron (ENST00000396299.6/9586, intron 4 of 9)",12737,"Intron","chr7_28621798-28622232","Intron"
"chr7:29375787-29376519","chr7",29375787,29376519,29376153,108,29366153,29386153,"","CHN2","CHN2","CHN2",253879,"Exon (ENST00000482820.6/1124, exon 4 of 7)",-20129,"Exon","chr7_29375787-29376519","Exon"
"chr7:36290172-36290583","chr7",36290172,36290583,36290377,253,36280377,36300377,"","EEPD1","EEPD1","EEPD1",137228,"Intron (ENST00000242108.9/80820, intron 6 of 7)",2583,"Intron","chr7_36290172-36290583","Intron"
"chr7:38863539-38863974","chr7",38863539,38863974,38863756,118,38853756,38873756,"","VPS41","VPS41","VPS41",68638,"Intron (ENST00000310301.9/27072, intron 3 of 28)",-32193,"Intron","chr7_38863539-38863974","Intron"
"chr7:48088698-48089133","chr7",48088698,48089133,48088915,126,48078915,48098915,"UPP1","UPP1","UPP1","UPP1",287,"Promoter (<=1kb)",0,"Promoter","chr7_48088698-48089133","Promoter"
"chr7:88200014-88200307","chr7",88200014,88200307,88200160,50,88190160,88210160,"","ADAM22,SRI","ADAM22","ADAM22",266017,"3' UTR",10186,"3UTR","chr7_88200014-88200307","3UTR"
"chr7:90767083-90767424","chr7",90767083,90767424,90767253,90,90757253,90777253,"","CDK14","CDK14","CDK14",300829,"Intron (ENST00000449528.5/5218, intron 7 of 7)",40579,"Intron","chr7_90767083-90767424","Intron"
"chr7:108010466-108010815","chr7",108010466,108010815,108010640,89,108000640,108020640,"LOC107986834,LAMB1","LOC107986834,LAMB1","LOC107986834","LAMB1",-7385,"Intron (ENST00000735555.1/107986834, intron 1 of 2)",5977,"Intron","chr7_108010466-108010815","Intron"
"chr7:116776705-116777163","chr7",116776705,116777163,116776934,150,116766934,116786934,"","MET","MET","MET",104544,"Intron (ENST00000318493.11/4233, intron 15 of 20)",7039,"Intron","chr7_116776705-116777163","Intron"
"chr7:117716964-117717320","chr7",117716964,117717320,117717142,84,117707142,117727142,"","CFTR,CTTNBP2","CTTNBP2","CTTNBP2",156997,"Intron (ENST00000160373.8/83992, intron 22 of 22)",10888,"Intron","chr7_117716964-117717320","Intron"
"chr7:119978940-119979366","chr7",119978940,119979366,119979153,28,119969153,119989153,"","","LINC02476","KCND2",-294515,"Distal Intergenic",-28115,"Intergenic","chr7_119978940-119979366","Intergenic"
"chr7:121714482-121714963","chr7",121714482,121714963,121714722,103,121704722,121724722,"","","PTPRZ1","PTPRZ1",-158367,"Intron (ENST00000719876.1/ENST00000719876.1, intron 3 of 5)",-158126,"Intron","chr7_121714482-121714963","Intron"
"chr7:127611312-127611660","chr7",127611312,127611660,127611486,53,127601486,127621486,"PAX4","FSCN3,PAX4","PAX4","PAX4",4442,"Exon (ENST00000341640.6/5078, exon 8 of 9)",3549,"Exon","chr7_127611312-127611660","Exon"
"chr7:127614724-127615262","chr7",127614724,127615262,127614993,176,127604993,127624993,"PAX4","PAX4","PAX4","PAX4",935,"Promoter (<=1kb)",0,"Promoter","chr7_127614724-127615262","Promoter"
"chr7:131088463-131088788","chr7",131088463,131088788,131088625,48,131078625,131098625,"","LOC105375509,LINC-PINT","LINC-PINT","MKLN1",-21471,"Promoter (<=1kb)",0,"Promoter","chr7_131088463-131088788","Promoter"
"chr7:135217929-135218317","chr7",135217929,135218317,135218123,163,135208123,135228123,"WDR91","WDR91","WDR91","WDR91",-6589,"Distal Intergenic",-6374,"Intergenic","chr7_135217929-135218317","Intergenic"
"chr7:151062355-151062677","chr7",151062355,151062677,151062516,70,151052516,151072516,"CDK5,LOC128092247,SLC4A2","CDK5,LOC128092247,SLC4A2,ASIC3","SLC4A2","SLC4A2",5306,"Promoter (<=1kb)",0,"Promoter","chr7_151062355-151062677","Promoter"
"chr7:155844158-155844540","chr7",155844158,155844540,155844349,118,155834349,155854349,"","","SHH","SHH",-32076,"Distal Intergenic",-31695,"Intergenic","chr7_155844158-155844540","Intergenic"
"chr8:4331477-4331916","chr8",4331477,4331916,4331696,133,4321696,4341696,"","CSMD1","CSMD1","CSMD1",663276,"Intron (ENST00000635120.2/64478, intron 3 of 69)",-622981,"Intron","chr8_4331477-4331916","Intron"
"chr8:23489982-23490275","chr8",23489982,23490275,23490128,31,23480128,23500128,"LOC105379327","LOC105379327,ENTPD4-DT","ENTPD4-DT","ENTPD4",-32433,"Promoter (1-2kb)",-1895,"Promoter","chr8_23489982-23490275","Promoter"
"chr8:27603283-27603615","chr8",27603283,27603615,27603449,48,27593449,27613449,"MIR6843","MIR6843,CLU,LOC124901919","CLU","CLU",11582,"Intron (ENST00000316403.15/1191, intron 6 of 8)",1724,"Intron","chr8_27603283-27603615","Intron"
"chr8:30254913-30255464","chr8",30254913,30255464,30255188,148,30245188,30265188,"LOC124901928","LOC124901928","LOC124901928","DCTN6",98891,"Promoter (<=1kb)",-321,"Promoter","chr8_30254913-30255464","Promoter"
"chr8:38267290-38267592","chr8",38267290,38267592,38267441,47,38257441,38277441,"PLPP5","DDHD2,NSD3,PLPP5","PLPP5","PLPP5",1802,"Promoter (<=1kb)",0,"Promoter","chr8_38267290-38267592","Promoter"
"chr8:38734473-38734857","chr8",38734473,38734857,38734665,298,38724665,38744665,"TACC1","TACC1","TACC1","TACC1",6479,"Intron (ENST00000519416.5/6867, intron 1 of 12)",5833,"Intron","chr8_38734473-38734857","Intron"
"chr8:40174760-40175190","chr8",40174760,40175190,40174975,309,40164975,40184975,"","LINC02866","LINC02866","TCIM",21520,"Intron (ENST00000725469.1/105379385, intron 2 of 2)",12131,"Intron","chr8_40174760-40175190","Intron"
"chr8:47619013-47619343","chr8",47619013,47619343,47619178,97,47609178,47629178,"","SPIDR","SPIDR","SPIDR",358603,"Intron (ENST00000541342.2/23514, intron 9 of 18)",-34745,"Intron","chr8_47619013-47619343","Intron"
"chr8:61767211-61767558","chr8",61767211,61767558,61767384,44,61757384,61777384,"","","LINC02842","ASPH",-52744,"Distal Intergenic",-17489,"Intergenic","chr8_61767211-61767558","Intergenic"
"chr8:81193853-81194288","chr8",81193853,81194288,81194070,235,81184070,81204070,"","LOC105375924","LOC105375924","PAG1",-82002,"Intron (ENST00000720466.1/105375924, intron 2 of 2)",32459,"Intron","chr8_81193853-81194288","Intron"
"chr8:90122955-90123248","chr8",90122955,90123248,90123101,18,90113101,90133101,"","","CALB1","CALB1",-27626,"Distal Intergenic",-27480,"Intergenic","chr8_90122955-90123248","Intergenic"
"chr8:100473911-100474277","chr8",100473911,100474277,100474094,167,100464094,100484094,"","LOC105375670,LOC124901992","LOC124901992","ANKRD46",85690,"Promoter (1-2kb)",-1393,"Promoter","chr8_100473911-100474277","Promoter"
"chr8:118383195-118383570","chr8",118383195,118383570,118383382,74,118373382,118393382,"","LOC105375724,SAMD12","SAMD12","SAMD12",238613,"Intron (ENST00000430457.1/105375724, intron 1 of 2)",-26333,"Intron","chr8_118383195-118383570","Intron"
"chr8:120068070-120068523","chr8",120068070,120068523,120068296,171,120058296,120078296,"COL14A1","COL14A1","COL14A1","COL14A1",8516,"Intron (ENST00000498051.6/7373, intron 1 of 22)",8290,"Intron","chr8_120068070-120068523","Intron"
"chr8:123058187-123058480","chr8",123058187,123058480,123058333,20,123048333,123068333,"","TBC1D31","TBC1D31","TBC1D31",16365,"Intron (ENST00000520368.5/93594, intron 1 of 2)",-14202,"Intron","chr8_123058187-123058480","Intron"
"chr8:125219162-125219511","chr8",125219162,125219511,125219336,132,125209336,125229336,"","NSMCE2","NSMCE2","NSMCE2",127657,"Intron (ENST00000517532.5/286053, intron 5 of 6)",95018,"Intron","chr8_125219162-125219511","Intron"
"chr8:128626300-128626593","chr8",128626300,128626593,128626446,76,128616446,128636446,"","LINC00976","LINC00976",NA,508435,"Distal Intergenic",-61610,"Intergenic","chr8_128626300-128626593","Intergenic"
"chr8:133320576-133320881","chr8",133320576,133320881,133320728,72,133310728,133330728,"","","NDRG1","NDRG1",-18706,"Distal Intergenic",-18554,"Intergenic","chr8_133320576-133320881","Intergenic"
"chr8:133428655-133429186","chr8",133428655,133429186,133428920,43,133418920,133438920,"","","ST3GAL1","ST3GAL1",143020,"Distal Intergenic",46748,"Intergenic","chr8_133428655-133429186","Intergenic"
"chr8:139196660-139197134","chr8",139196660,139197134,139196897,218,139186897,139206897,"","","COL22A1","COL22A1",-282891,"Distal Intergenic",-282619,"Intergenic","chr8_139196660-139197134","Intergenic"
"chr9:9841263-9841615","chr9",9841263,9841615,9841439,31,9831439,9851439,"","PTPRD","PTPRD","PTPRD",771284,"Intron (ENST00000381196.9/5789, intron 5 of 45)",41863,"Intron","chr9_9841263-9841615","Intron"
"chr9:21863705-21864062","chr9",21863705,21864062,21863883,95,21853883,21873883,"","MTAP","MTAP",NA,61247,"3' UTR",4382,"3UTR","chr9_21863705-21864062","3UTR"
"chr9:27371399-27371745","chr9",27371399,27371745,27371572,66,27361572,27381572,"","MOB3B","MOB3B","MOB3B",158209,"Intron (ENST00000262244.6/79817, intron 2 of 3)",49969,"Intron","chr9_27371399-27371745","Intron"
"chr9:37966298-37966785","chr9",37966298,37966785,37966541,314,37956541,37976541,"","SHB","SHB","SHB",102670,"Intron (ENST00000540557.1/6461, intron 4 of 11)",-61945,"Intron","chr9_37966298-37966785","Intron"
"chr9:78023096-78023476","chr9",78023096,78023476,78023286,100,78013286,78033286,"GNAQ","GNAQ","GNAQ","GNAQ",8172,"Intron (ENST00000286548.9/2776, intron 1 of 6)",7128,"Intron","chr9_78023096-78023476","Intron"
"chr9:79571528-79572086","chr9",79571528,79572086,79571807,253,79561807,79581807,"LNCARSR,TLE4","LNCARSR,TLE4","TLE4","TLE4",34,"Promoter (<=1kb)",0,"Promoter","chr9_79571528-79572086","Promoter"
"chr9:91197091-91197512","chr9",91197091,91197512,91197301,185,91187301,91207301,"LOC124902208","LINC02937,LOC124902208","LINC02937","AUH",164612,"Exon (ENST00000815556.1/ENST00000815556.1, exon 2 of 2)",4073,"Exon","chr9_91197091-91197512","Exon"
"chr9:96420300-96420660","chr9",96420300,96420660,96420480,85,96410480,96430480,"ZNF367","ZNF367","ZNF367","ZNF367",-2151,"Promoter (1-2kb)",-1930,"Promoter","chr9_96420300-96420660","Promoter"
"chr9:109477379-109477905","chr9",109477379,109477905,109477642,537,109467642,109487642,"","PTPN3","PTPN3","PTPN3",20671,"Intron (ENST00000262539.7/5774, intron 1 of 25)",20402,"Intron","chr9_109477379-109477905","Intron"
"chr9:112020699-112021082","chr9",112020699,112021082,112020890,185,112010890,112030890,"","LINC02977","LINC02977","SUSD1",154518,"Intron (ENST00000765698.1/ENST00000765698.1, intron 2 of 3)",17131,"Intron","chr9_112020699-112021082","Intron"
"chr9:112119430-112119764","chr9",112119430,112119764,112119597,140,112109597,112129597,"","SUSD1","SUSD1","SUSD1",55811,"Intron (ENST00000374270.8/64420, intron 6 of 16)",-7347,"Intron","chr9_112119430-112119764","Intron"
"chr9:114080966-114081298","chr9",114080966,114081298,114081132,88,114071132,114091132,"AMBP","KIF12,AMBP","AMBP","AMBP",-2660,"Distal Intergenic",-2638,"Intergenic","chr9_114080966-114081298","Upstream"
"chr9:114779431-114779724","chr9",114779431,114779724,114779577,30,114769577,114789577,"","TNFSF15","TNFSF15","TNFSF15",26549,"Distal Intergenic",26315,"Intergenic","chr9_114779431-114779724","Intergenic"
"chr9:116566977-116567338","chr9",116566977,116567338,116567157,79,116557157,116577157,"LOC107987014","ASTN2-AS1,LOC107987014,ASTN2","ASTN2","ASTN2",847913,"Promoter (<=1kb)",-298,"Promoter","chr9_116566977-116567338","Promoter"
"chr9:116870599-116870892","chr9",116870599,116870892,116870745,59,116860745,116880745,"","LOC105376239,ASTN2","ASTN2","ASTN2",544325,"Intron (ENST00000648160.1/105376239, intron 4 of 4)",32455,"Intron","chr9_116870599-116870892","Intron"
"chr9:120646919-120647257","chr9",120646919,120647257,120647088,59,120637088,120657088,"","MEGF9","MEGF9","MEGF9",67382,"Intron (ENST00000373930.4/1955, intron 2 of 5)",-66749,"Intron","chr9_120646919-120647257","Intron"
"chr9:121975834-121976245","chr9",121975834,121976245,121976039,235,121966039,121986039,"","TTLL11","TTLL11","TTLL11",117567,"Intron (ENST00000321582.11/158135, intron 4 of 8)",-12104,"Intron","chr9_121975834-121976245","Intron"
"chr9:127545389-127545877","chr9",127545389,127545877,127545633,222,127535633,127555633,"","NIBAN2","NIBAN2","NIBAN2",33356,"Intron (ENST00000373314.7/64855, intron 1 of 13)",-18168,"Intron","chr9_127545389-127545877","Intron"
"chr9:131545289-131545719","chr9",131545289,131545719,131545504,153,131535504,131555504,"PRRT1B","PRRT1B","PRRT1B","PRRT1B",-10,"Promoter (<=1kb)",0,"Promoter","chr9_131545289-131545719","Promoter"
"chr9:134435010-134435349","chr9",134435010,134435349,134435179,78,134425179,134445179,"LOC100506532,LOC105376311","LOC100506532,LOC105376311,RXRA","RXRA","RXRA",118081,"Intron (ENST00000481739.2/6256, intron 9 of 9)",-6898,"Intron","chr9_134435010-134435349","Intron"
"chr9:137293788-137294092","chr9",137293788,137294092,137293940,56,137283940,137303940,"NRARP","NRARP","NRARP","NRARP",8311,"Exon (ENST00000566954.1/ENST00000566954.1, exon 1 of 1)",8179,"Exon","chr9_137293788-137294092","Exon"
"chr10:3852323-3852734","chr10",3852323,3852734,3852528,105,3842528,3862528,"","","LINC02639","KLF6",-67247,"Exon (ENST00000770137.1/ENST00000770137.1, exon 1 of 2)",18373,"Exon","chr10_3852323-3852734","Exon"
"chr10:14611969-14612317","chr10",14611969,14612317,14612143,54,14602143,14622143,"","FAM107B","FAM107B","FAM107B",162754,"Promoter (<=1kb)",235,"Promoter","chr10_14611969-14612317","Promoter"
"chr10:15334241-15334612","chr10",15334241,15334612,15334426,127,15324426,15344426,"","FAM171A1","FAM171A1","FAM171A1",36636,"Intron (ENST00000378116.9/221061, intron 1 of 7)",36450,"Intron","chr10_15334241-15334612","Intron"
"chr10:24902045-24902481","chr10",24902045,24902481,24902263,158,24892263,24912263,"","PRTFDC1","PRTFDC1","PRTFDC1",50341,"Intron (ENST00000320152.11/56952, intron 3 of 8)",-49792,"Intron","chr10_24902045-24902481","Intron"
"chr10:25078954-25079292","chr10",25078954,25079292,25079123,109,25069123,25089123,"","LINC01516","LINC01516","ENKUR",-16844,"Intron (ENST00000648191.1/101929025, intron 3 of 4)",-16675,"Intron","chr10_25078954-25079292","Intron"
"chr10:33155997-33156354","chr10",33155997,33156354,33156175,88,33146175,33166175,"","","ITGB1-DT","NRP1",180087,"Distal Intergenic",29301,"Intergenic","chr10_33155997-33156354","Intergenic"
"chr10:35685465-35685966","chr10",35685465,35685966,35685715,206,35675715,35695715,"","","LOC105376494","FZD8",-43437,"Distal Intergenic",41682,"Intergenic","chr10_35685465-35685966","Intergenic"
"chr10:44911049-44911396","chr10",44911049,44911396,44911222,93,44901222,44921222,"TMEM72","TMEM72-AS1,TMEM72","TMEM72-AS1","TMEM72",22,"Promoter (<=1kb)",0,"Promoter","chr10_44911049-44911396","Promoter"
"chr10:56840894-56841187","chr10",56840894,56841187,56841040,18,56831040,56851040,"","","LOC124900300","ZWINT",-479765,"Distal Intergenic",-244863,"Intergenic","chr10_56840894-56841187","Intergenic"
"chr10:58218951-58219244","chr10",58218951,58219244,58219097,35,58209097,58229097,"","IPMK","IPMK","IPMK",48837,"Intron (ENST00000373935.4/253430, intron 3 of 5)",48650,"Intron","chr10_58218951-58219244","Intron"
"chr10:60977809-60978125","chr10",60977809,60978125,60977967,81,60967967,60987967,"","LOC107984236,LOC124902431,LOC124902433,RHOBTB1","RHOBTB1","RHOBTB1",23473,"Intron (ENST00000357917.4/9886, intron 2 of 11)",-22915,"Intron","chr10_60977809-60978125","Intron"
"chr10:80196542-80197037","chr10",80196542,80197037,80196789,195,80186789,80206789,"ANXA11","ANXA11","ANXA11","ANXA11",8783,"Intron (ENST00000422982.8/311, intron 1 of 15)",7882,"Intron","chr10_80196542-80197037","Intron"
"chr10:88386279-88386572","chr10",88386279,88386572,88386425,90,88376425,88396425,"","LOC101929727,RNLS","RNLS","RNLS",198105,"Intron (ENST00000371947.7/55328, intron 4 of 6)",12162,"Intron","chr10_88386279-88386572","Intron"
"chr10:88840102-88840395","chr10",88840102,88840395,88840248,98,88830248,88850248,"","ANKRD22","ANKRD22","ANKRD22",11570,"Intron (ENST00000371930.5/118932, intron 1 of 5)",11449,"Intron","chr10_88840102-88840395","Intron"
"chr10:96676550-96676856","chr10",96676550,96676856,96676703,48,96666703,96686703,"","PIK3AP1","PIK3AP1","PIK3AP1",43811,"Intron (ENST00000339364.10/118788, intron 2 of 16)",-6939,"Intron","chr10_96676550-96676856","Intron"
"chr10:99930808-99931190","chr10",99930808,99931190,99930999,222,99920999,99940999,"DNMBP-AS1","DNMBP-AS1,DNMBP","DNMBP","DNMBP",78920,"Promoter (<=1kb)",0,"Promoter","chr10_99930808-99931190","Promoter"
"chr10:103241426-103241781","chr10",103241426,103241781,103241603,60,103231603,103251603,"RPEL1","NT5C2,RPEL1","NT5C2","RPEL1",-4284,"Exon (ENST00000819995.1/ENST00000819995.1, exon 1 of 3)",-4106,"Exon","chr10_103241426-103241781","Exon"
"chr10:113208616-113208920","chr10",113208616,113208920,113208768,44,113198768,113218768,"","","TCF7L2","TCF7L2",258518,"Intron (ENST00000849450.1/ENST00000849450.1, intron 3 of 3)",47385,"Intron","chr10_113208616-113208920","Intron"
"chr10:117365436-117365844","chr10",117365436,117365844,117365640,156,117355640,117375640,"PDZD8","PDZD8","PDZD8","PDZD8",9827,"Intron (ENST00000334464.7/118987, intron 1 of 4)",8637,"Intron","chr10_117365436-117365844","Intron"
"chr10:125156651-125156988","chr10",125156651,125156988,125156819,68,125146819,125166819,"CTBP2","CTBP2","CTBP2","CTBP2",4351,"Intron (ENST00000337195.11/1488, intron 1 of 10)",1728,"Intron","chr10_125156651-125156988","Intron"
"chr10:126839245-126839624","chr10",126839245,126839624,126839434,127,126829434,126849434,"","","C10orf90","DOCK1",-65975,"Distal Intergenic",-40537,"Intergenic","chr10_126839245-126839624","Intergenic"
"chr10:129853556-129853963","chr10",129853556,129853963,129853759,140,129843759,129863759,"EBF3-AS1","EBF3-AS1,EBF3","EBF3","EBF3",110082,"Intron (ENST00000440978.2/253738, intron 10 of 16)",-3675,"Intron","chr10_129853556-129853963","Intron"
"chr11:1830828-1831154","chr11",1830828,1831154,1830991,108,1820991,1840991,"TNNI2,SYT8","TNNI2,SYT8","SYT8","SYT8",2684,"Promoter (<=1kb)",0,"Promoter","chr11_1830828-1831154","Promoter"
"chr11:7605538-7605853","chr11",7605538,7605853,7605695,123,7595695,7615695,"","PPFIBP2","PPFIBP2","PPFIBP2",92397,"Promoter (<=1kb)",0,"Promoter","chr11_7605538-7605853","Promoter"
"chr11:13140365-13140700","chr11",13140365,13140700,13140532,112,13130532,13150532,"","","LOC105376558","RASSF10",130955,"Distal Intergenic",-25434,"Intergenic","chr11_13140365-13140700","Intergenic"
"chr11:15258467-15258825","chr11",15258467,15258825,15258646,76,15248646,15268646,"","","INSC","INSC",146222,"Distal Intergenic",23322,"Intergenic","chr11_15258467-15258825","Intergenic"
"chr11:16924651-16925044","chr11",16924651,16925044,16924847,137,16914847,16934847,"","PLEKHA7","PLEKHA7","PLEKHA7",89596,"Intron (ENST00000531066.6/144100, intron 3 of 26)",-11167,"Intron","chr11_16924651-16925044","Intron"
"chr11:22674512-22674920","chr11",22674512,22674920,22674716,125,22664716,22684716,"","GAS2","GAS2","GAS2",49074,"Promoter (<=1kb)",0,"Promoter","chr11_22674512-22674920","Promoter"
"chr11:27395488-27395855","chr11",27395488,27395855,27395671,30,27385671,27405671,"","LGR4","LGR4","LGR4",77104,"Intron (ENST00000389858.4/55366, intron 1 of 16)",-9956,"Intron","chr11_27395488-27395855","Intron"
"chr11:27467609-27467902","chr11",27467609,27467902,27467755,30,27457755,27477755,"LGR4-AS1,LGR4","LGR4-AS1,LGR4","LGR4","LGR4",5020,"Intron (ENST00000389858.4/55366, intron 1 of 16)",-3266,"Intron","chr11_27467609-27467902","Intron"
"chr11:43985059-43985453","chr11",43985059,43985453,43985256,207,43975256,43995256,"","ACCSL","ACCSL","C11orf96",59914,"Intron (ENST00000526408.1/390110, intron 4 of 6)",42422,"Intron","chr11_43985059-43985453","Intron"
"chr11:47426614-47426956","chr11",47426614,47426956,47426785,56,47416785,47436785,"PSMC3","PSMC3","PSMC3","PSMC3",-312,"Promoter (<=1kb)",-141,"Promoter","chr11_47426614-47426956","Promoter"
"chr11:61756815-61757241","chr11",61756815,61757241,61757028,115,61747028,61767028,"MYRF-AS1,MYRF","MYRF-AS1,MYRF","MYRF","MYRF",4386,"Promoter (<=1kb)",0,"Promoter","chr11_61756815-61757241","Promoter"
"chr11:83852784-83853204","chr11",83852784,83853204,83852994,68,83842994,83862994,"","DLG2","DLG2","DLG2",1774928,"Intron (ENST00000280241.12/1740, intron 10 of 21)",-127381,"Intron","chr11_83852784-83853204","Intron"
"chr11:88104478-88104869","chr11",88104478,88104869,88104673,126,88094673,88114673,"","RAB38","RAB38","RAB38",70794,"Intron (ENST00000528458.1/ENST00000528458.1, intron 1 of 2)",-58870,"Intron","chr11_88104478-88104869","Intron"
"chr11:91797048-91797451","chr11",91797048,91797451,91797249,103,91787249,91807249,"LINC02756","LINC02756","LINC02756","FAT3",-554847,"Intron (ENST00000655162.1/105369428, intron 3 of 3)",1741,"Intron","chr11_91797048-91797451","Intron"
"chr11:94602580-94603068","chr11",94602580,94603068,94602824,280,94592824,94612824,"","PIWIL4-AS1,PIWIL4","PIWIL4","PIWIL4",58984,"Intron (ENST00000543336.5/143689, intron 12 of 13)",-14721,"Intron","chr11_94602580-94603068","Intron"
"chr11:100776082-100776585","chr11",100776082,100776585,100776333,312,100766333,100786333,"","ARHGAP42","ARHGAP42","ARHGAP42",88680,"Intron (ENST00000298815.13/143872, intron 2 of 23)",5716,"Intron","chr11_100776082-100776585","Intron"
"chr11:102599519-102599988","chr11",102599519,102599988,102599753,126,102589753,102609753,"","MMP20","MMP20","MMP20",25579,"Intron (ENST00000260228.3/9313, intron 6 of 9)",7862,"Intron","chr11_102599519-102599988","Intron"
"chr11:112157175-112157574","chr11",112157175,112157574,112157374,126,112147374,112167374,"IL18,TEX12","LOC107987164,IL18,TEX12,SDHD,BCO2","BCO2","IL18",6743,"Intron (ENST00000531744.5/6392, intron 3 of 5)",-6102,"Intron","chr11_112157175-112157574","Intron"
"chr11:117056895-117057216","chr11",117056895,117057216,117057055,26,117047055,117067055,"","SIK3","SIK3","SIK3",41382,"Intron (ENST00000445177.6/23387, intron 1 of 24)",41055,"Intron","chr11_117056895-117057216","Intron"
"chr11:118195108-118195492","chr11",118195108,118195492,118195300,142,118185300,118205300,"","JAML","JAML","JAML",29794,"Intron (ENST00000356289.10/120425, intron 9 of 9)",9898,"Intron","chr11_118195108-118195492","Intron"
"chr12:14619881-14620212","chr12",14619881,14620212,14620046,31,14610046,14630046,"","PLBD1-AS1,GUCY2C","GUCY2C","GUCY2C",76539,"Exon (ENST00000542401.2/101928290, exon 5 of 5)",7005,"Exon","chr12_14619881-14620212","Exon"
"chr12:14934980-14935307","chr12",14934980,14935307,14935143,70,14925143,14945143,"ERP27","ERP27,ARHGDIB","ERP27","ERP27",3939,"Exon (ENST00000266397.7/121506, exon 3 of 7)",3230,"Exon","chr12_14934980-14935307","Exon"
"chr12:26769289-26769616","chr12",26769289,26769616,26769452,38,26759452,26779452,"","ITPR2","ITPR2","ITPR2",63746,"Intron (ENST00000381340.8/3709, intron 2 of 56)",-43276,"Intron","chr12_26769289-26769616","Intron"
"chr12:47038203-47038676","chr12",47038203,47038676,47038439,66,47028439,47048439,"","","AMIGO2","AMIGO2",41512,"Distal Intergenic",-40927,"Intergenic","chr12_47038203-47038676","Intergenic"
"chr12:69739070-69739425","chr12",69739070,69739425,69739247,87,69729247,69749247,"LOC101928002,RAB3IP","LOC101928002,RAB3IP","RAB3IP","RAB3IP",566,"Promoter (<=1kb)",0,"Promoter","chr12_69739070-69739425","Promoter"
"chr12:74963751-74964233","chr12",74963751,74964233,74963992,149,74953992,74973992,"","","LOC105369842","KCNC2",245876,"Intron (ENST00000770027.1/ENST00000770027.1, intron 4 of 5)",46170,"Intron","chr12_74963751-74964233","Intron"
"chr12:92070250-92070786","chr12",92070250,92070786,92070518,126,92060518,92080518,"","LINC01619","LINC01619","BTG1",75379,"Intron (ENST00000551843.5/256021, intron 1 of 5)",-8278,"Intron","chr12_92070250-92070786","Intron"
"chr12:92546549-92546842","chr12",92546549,92546842,92546695,21,92536695,92556695,"","","LOC105369905","CLLU1",125164,"Intron (ENST00000758073.1/ENST00000758073.1, intron 1 of 2)",-10516,"Intron","chr12_92546549-92546842","Intron"
"chr12:92703050-92703497","chr12",92703050,92703497,92703273,178,92693273,92713273,"PLEKHG7","PLEKHG7","PLEKHG7",NA,430,"Promoter (<=1kb)",22,"Promoter","chr12_92703050-92703497","Promoter"
"chr12:111777827-111778136","chr12",111777827,111778136,111777981,119,111767981,111787981,"","ALDH2","ALDH2","ALDH2",11094,"Exon (ENST00000753409.1/ENST00000753409.1, exon 2 of 2)",10879,"Exon","chr12_111777827-111778136","Exon"
"chr12:121215028-121215351","chr12",121215028,121215351,121215189,48,121205189,121225189,"LOC105370032,P2RX4","LOC105370032,P2RX4","P2RX4","P2RX4",5332,"Exon (ENST00000314442.7/5025, exon 1 of 4)",2162,"Exon","chr12_121215028-121215351","Exon"
"chr13:24076086-24076410","chr13",24076086,24076410,24076248,93,24066248,24086248,"","SPATA13","SPATA13","SPATA13",96443,"Intron (ENST00000382141.4/221178, intron 3 of 15)",-84310,"Intron","chr13_24076086-24076410","Intron"
"chr13:24184364-24184787","chr13",24184364,24184787,24184575,163,24174575,24194575,"","SPATA13","SPATA13","SPATA13",204770,"Intron (ENST00000382141.4/221178, intron 3 of 15)",21948,"Intron","chr13_24184364-24184787","Intron"
"chr13:26968761-26969069","chr13",26968761,26969069,26968915,91,26958915,26978915,"","","LOC105370124","USP12",202981,"Intron (ENST00000637583.1/ENST00000637583.1, intron 2 of 2)",86561,"Intron","chr13_26968761-26969069","Intron"
"chr13:30395443-30395806","chr13",30395443,30395806,30395624,103,30385624,30405624,"","","LINC00426","UBE2L5",-26864,"Exon (ENST00000816680.1/ENST00000816680.1, exon 1 of 4)",-18298,"Exon","chr13_30395443-30395806","Exon"
"chr13:38636831-38637217","chr13",38636831,38637217,38637024,92,38627024,38647024,"","LINC00366,LINC00437","LINC00437","FREM2",-50105,"Intron (ENST00000756067.1/101929121, intron 2 of 2)",-11290,"Intron","chr13_38636831-38637217","Intron"
"chr13:41019513-41019809","chr13",41019513,41019809,41019661,54,41009661,41029661,"","ELF1","ELF1","ELF1",41779,"Promoter (<=1kb)",-197,"Promoter","chr13_41019513-41019809","Promoter"
"chr13:43388783-43389114","chr13",43388783,43389114,43388948,77,43378948,43398948,"","ENOX1","ENOX1","ENOX1",397960,"Intron (ENST00000690772.1/55068, intron 5 of 16)",-27418,"Intron","chr13_43388783-43389114","Intron"
"chr13:50082685-50083023","chr13",50082685,50083023,50082854,148,50072854,50092854,"DLEU1","DLEU1,DLEU2","DLEU2","DLEU1",683,"Promoter (<=1kb)",383,"Promoter","chr13_50082685-50083023","Promoter"
"chr13:84924398-84924756","chr13",84924398,84924756,84924577,28,84914577,84934577,"","","LOC105370290","SLITRK6",874911,"Distal Intergenic",-21964,"Intergenic","chr13_84924398-84924756","Intergenic"
"chr14:24816321-24816683","chr14",24816321,24816683,24816502,87,24806502,24826502,"","STXBP6","STXBP6","STXBP6",233795,"3' UTR",2794,"3UTR","chr14_24816321-24816683","3UTR"
"chr14:24817261-24817561","chr14",24817261,24817561,24817411,66,24807411,24827411,"","STXBP6","STXBP6","STXBP6",232886,"3' UTR",1916,"3UTR","chr14_24817261-24817561","3UTR"
"chr14:31033803-31034281","chr14",31033803,31034281,31034042,355,31024042,31044042,"AP4S1,STRN3","AP4S1,STRN3","AP4S1","AP4S1",8936,"Intron (ENST00000557346.6/11154, intron 1 of 5)",7160,"Intron","chr14_31033803-31034281","Intron"
"chr14:36091066-36091484","chr14",36091066,36091484,36091275,118,36081275,36101275,"","LINC00609","LINC00609","BRMS1L",264957,"Intron (ENST00000818312.1/101101773, intron 4 of 6)",20639,"Intron","chr14_36091066-36091484","Intron"
"chr14:39174617-39175077","chr14",39174617,39175077,39174847,171,39164847,39184847,"TRAPPC6B,PNN-AS1,PNN","TRAPPC6B,PNN-AS1,PNN","PNN-AS1","PNN",-336,"Promoter (<=1kb)",-106,"Promoter","chr14_39174617-39175077","Promoter"
"chr14:43215115-43215491","chr14",43215115,43215491,43215303,38,43205303,43225303,"","","LOC105370470","FSCB",1291976,"Intron (ENST00000807482.1/ENST00000807482.1, intron 3 of 5)",-93157,"Intron","chr14_43215115-43215491","Intron"
"chr14:57493867-57494238","chr14",57493867,57494238,57494052,111,57484052,57504052,"CCDC198","CCDC198","CCDC198","CCDC198",-185,"Promoter (<=1kb)",0,"Promoter","chr14_57493867-57494238","Promoter"
"chr14:64938552-64938919","chr14",64938552,64938919,64938735,141,64928735,64948735,"GPX2","CHURC1-FNTB,GPX2,RAB15,CHURC1","CHURC1-FNTB","CHURC1-FNTB",24250,"Intron (ENST00000551947.6/100529261, intron 2 of 2)",3801,"Intron","chr14_64938552-64938919","Intron"
"chr14:67738626-67739030","chr14",67738626,67739030,67738828,48,67728828,67748828,"","RDH12,ZFYVE26","ZFYVE26","ZFYVE26",77762,"Intron (ENST00000394455.6/23503, intron 13 of 14)",11462,"Intron","chr14_67738626-67739030","Intron"
"chr14:68172608-68173052","chr14",68172608,68173052,68172830,153,68162830,68182830,"","RAD51B","RAD51B","RAD51B",353051,"Intron (ENST00000479335.5/5890, intron 8 of 11)",-42412,"Intron","chr14_68172608-68173052","Intron"
"chr14:68191833-68192344","chr14",68191833,68192344,68192088,171,68182088,68202088,"","RAD51B","RAD51B","RAD51B",372309,"Intron (ENST00000479335.5/5890, intron 8 of 11)",-61637,"Intron","chr14_68191833-68192344","Intron"
"chr14:68784386-68784852","chr14",68784386,68784852,68784619,157,68774619,68794619,"LOC107984709","LOC107984709,ZFP36L1","LOC107984709","ZFP36L1",11634,"Intron (ENST00000768259.1/107984709, intron 1 of 1)",2527,"Intron","chr14_68784386-68784852","Intron"
"chr14:68938562-68939003","chr14",68938562,68939003,68938782,149,68928782,68948782,"","ACTN1","ACTN1","ACTN1",40658,"Promoter (<=1kb)",-560,"Promoter","chr14_68938562-68939003","Promoter"
"chr14:69942450-69942777","chr14",69942450,69942777,69942613,75,69932613,69952613,"","SMOC1","SMOC1","SMOC1",88482,"Intron (ENST00000555917.1/64093, intron 3 of 3)",-9360,"Intron","chr14_69942450-69942777","Intron"
"chr14:70753531-70754024","chr14",70753531,70754024,70753777,176,70743777,70763777,"","MAP3K9","MAP3K9","MAP3K9",55757,"Promoter (<=1kb)",-575,"Promoter","chr14_70753531-70754024","Promoter"
"chr14:77040289-77040681","chr14",77040289,77040681,77040485,70,77030485,77050485,"","LINC02289,LOC105370579,LINC02288","LINC02288","IRF2BPL",-11786,"Promoter (<=1kb)",-367,"Promoter","chr14_77040289-77040681","Promoter"
"chr14:81533977-81534406","chr14",81533977,81534406,81534191,186,81524191,81544191,"SEL1L","SEL1L","SEL1L","SEL1L",-330,"Promoter (<=1kb)",-124,"Promoter","chr14_81533977-81534406","Promoter"
"chr14:103880007-103880415","chr14",103880007,103880415,103880211,236,103870211,103890211,"","LOC105370689","LOC105370689","ATP5MJ",48058,"Exon (ENST00000780813.1/105370689, exon 2 of 2)",4952,"Exon","chr14_103880007-103880415","Exon"
"chr15:36177764-36178183","chr15",36177764,36178183,36177973,53,36167973,36187973,"","","LOC102724214","CDIN1",-401638,"Intron (ENST00000650498.1/ENST00000650498.1, intron 2 of 5)",70692,"Intron","chr15_36177764-36178183","Intron"
"chr15:43127760-43128128","chr15",43127760,43128128,43127944,100,43117944,43137944,"TMEM62","LOC124903478,TMEM62","TMEM62","EPB42",93339,"Intron (ENST00000564698.5/80021, intron 1 of 5)",4481,"Intron","chr15_43127760-43128128","Intron"
"chr15:44728670-44728982","chr15",44728670,44728982,44728826,44,44718826,44738826,"RNF4BP,TRIM69","RNF4BP,TRIM69,B2M","TRIM69","TRIM69",-162,"Promoter (<=1kb)",-6,"Promoter","chr15_44728670-44728982","Promoter"
"chr15:58331975-58332277","chr15",58331975,58332277,58332126,38,58322126,58342126,"","ALDH1A2","ALDH1A2","ALDH1A2",165740,"Intron (ENST00000558239.5/8854, intron 2 of 3)",-52654,"Intron","chr15_58331975-58332277","Intron"
"chr15:59410403-59410841","chr15",59410403,59410841,59410622,156,59400622,59420622,"","FAM81A","FAM81A","FAM81A",37929,"Exon (ENST00000821742.1/ENST00000821742.1, exon 1 of 2)",-27345,"Exon","chr15_59410403-59410841","Exon"
"chr15:59611574-59611908","chr15",59611574,59611908,59611741,54,59601741,59621741,"","GCNT3","GCNT3","GCNT3",16866,"Promoter (<=1kb)",0,"Promoter","chr15_59611574-59611908","Promoter"
"chr15:60408333-60408680","chr15",60408333,60408680,60408506,60,60398506,60418506,"ANXA2","ANXA2","ANXA2","ANXA2",-5623,"Distal Intergenic",-5450,"Intergenic","chr15_60408333-60408680","Intergenic"
"chr15:62115889-62116233","chr15",62115889,62116233,62116061,77,62106061,62126061,"","","C2CD4A","C2CD4A",49084,"Distal Intergenic",48912,"Intergenic","chr15_62115889-62116233","Intergenic"
"chr15:62821720-62822013","chr15",62821720,62822013,62821866,83,62811866,62831866,"MIR190A","LOC105370854,MIR190A,TLN2","TLN2","TLN2",431340,"Promoter (1-2kb)",-1944,"Promoter","chr15_62821720-62822013","Promoter"
"chr15:63354025-63354359","chr15",63354025,63354359,63354192,78,63344192,63364192,"","CA12","CA12","CA12",27969,"Intron (ENST00000178638.8/771, intron 2 of 10)",-11951,"Intron","chr15_63354025-63354359","Intron"
"chr15:63503218-63503559","chr15",63503218,63503559,63503388,98,63493388,63513388,"USP3","USP3","USP3","USP3",-1123,"Promoter (<=1kb)",-952,"Promoter","chr15_63503218-63503559","Promoter"
"chr15:64247903-64248369","chr15",64247903,64248369,64248136,131,64238136,64258136,"","CSNK1G1,PCLAF","CSNK1G1",NA,133304,"Intron (ENST00000303052.13/53944, intron 4 of 11)",-42978,"Intron","chr15_64247903-64248369","Intron"
"chr15:65832442-65832876","chr15",65832442,65832876,65832659,204,65822659,65842659,"","LOC105370866,RAB11A","RAB11A","RAB11A",106605,"Intron (ENST00000569304.1/8766, intron 2 of 2)",-36580,"Intron","chr15_65832442-65832876","Intron"
"chr15:66765735-66766065","chr15",66765735,66766065,66765900,92,66755900,66775900,"","SMAD6","SMAD6","SMAD6",63672,"Intron (ENST00000288840.10/4091, intron 3 of 3)",54038,"Intron","chr15_66765735-66766065","Intron"
"chr15:80072322-80072625","chr15",80072322,80072625,80072473,74,80062473,80082473,"","ZFAND6","ZFAND6","ZFAND6",12905,"Promoter (<=1kb)",0,"Promoter","chr15_80072322-80072625","Promoter"
"chr15:89857597-89857920","chr15",89857597,89857920,89857758,66,89847758,89867758,"MIR5094","ARPIN-AP3S2,MIR5094,AP3S2","AP3S2","ARPIN-AP3S2",55124,"Intron (ENST00000336418.9/10239, intron 4 of 5)",-4941,"Intron","chr15_89857597-89857920","Intron"
"chr15:92811443-92811851","chr15",92811443,92811851,92811647,42,92801647,92821647,"CHASERR,LOC124903558,FAM174B","CHASERR,LOC124903558,FAM174B","LOC124903558","FAM174B",-1763,"Promoter (1-2kb)",-1559,"Promoter","chr15_92811443-92811851","Promoter"
"chr16:3459072-3459390","chr16",3459072,3459390,3459231,72,3449231,3469231,"CLUAP1","CLUAP1,NAA60","NAA60","NAA60",15620,"Promoter (<=1kb)",942,"Promoter","chr16_3459072-3459390","Promoter"
"chr16:11797316-11797642","chr16",11797316,11797642,11797479,91,11787479,11807479,"ZC3H7A","ZC3H7A,BCAR4","ZC3H7A","ZC3H7A",-212,"Promoter (<=1kb)",-58,"Promoter","chr16_11797316-11797642","Promoter"
"chr16:12613309-12613637","chr16",12613309,12613637,12613473,108,12603473,12623473,"LOC105371085","LOC105371085","LOC105371085","SNX29",636736,"Distal Intergenic",-2226,"Intergenic","chr16_12613309-12613637","Upstream"
"chr16:20763707-20764132","chr16",20763707,20764132,20763919,227,20753919,20773919,"","ACSM3","ACSM3","ACSM3",153676,"Promoter (<=1kb)",0,"Promoter","chr16_20763707-20764132","Promoter"
"chr16:20879300-20879616","chr16",20879300,20879616,20879458,84,20869458,20889458,"","ERI2,DCUN1D3","DCUN1D3","DCUN1D3",20926,"Intron (ENST00000564349.5/112479, intron 2 of 9)",-10320,"Intron","chr16_20879300-20879616","Intron"
"chr16:21260940-21261351","chr16",21260940,21261351,21261145,104,21251145,21271145,"","CRYM,ANKS4B","CRYM","CRYM",41938,"Promoter (<=1kb)",807,"Promoter","chr16_21260940-21261351","Promoter"
"chr16:23528082-23528391","chr16",23528082,23528391,23528236,58,23518236,23538236,"GGA2","EARS2,GGA2","EARS2","EARS2",29495,"Intron (ENST00000449606.7/124454, intron 7 of 8)",-6087,"Intron","chr16_23528082-23528391","Intron"
"chr16:63188163-63188491","chr16",63188163,63188491,63188327,37,63178327,63198327,"","LOC105371307,LOC105371308","LOC105371308","CDH8",-1151292,"Intron (ENST00000734799.1/105371308, intron 4 of 6)",-58509,"Intron","chr16_63188163-63188491","Intron"
"chr16:69351650-69352036","chr16",69351650,69352036,69351843,233,69341843,69361843,"TMED6,COG8","TMED6,NIP7,TERF2,COG8","COG8",NA,4463,"Promoter (<=1kb)",0,"Promoter","chr16_69351650-69352036","Promoter"
"chr16:73016141-73016443","chr16",73016141,73016443,73016292,100,73006292,73026292,"","ZFHX3","ZFHX3","ZFHX3",43406,"Intron (ENST00000268489.10/463, intron 1 of 9)",31685,"Intron","chr16_73016141-73016443","Intron"
"chr16:74635437-74635758","chr16",74635437,74635758,74635597,74,74625597,74645597,"","RFWD3","RFWD3","RFWD3",31284,"Intron (ENST00000361070.9/55159, intron 8 of 12)",-2704,"Intron","chr16_74635437-74635758","Intron"
"chr16:75250741-75251078","chr16",75250741,75251078,75250909,100,75240909,75260909,"","BCAR1","BCAR1","BCAR1",17144,"Promoter (<=1kb)",0,"Promoter","chr16_75250741-75251078","Promoter"
"chr16:75750597-75750954","chr16",75750597,75750954,75750775,44,75740775,75760775,"","LOC105371348","LOC105371348","TERF2IP",102989,"Intron (ENST00000653858.1/105371348, intron 2 of 3)",-24107,"Intron","chr16_75750597-75750954","Intron"
"chr16:81768185-81768521","chr16",81768185,81768521,81768353,127,81758353,81778353,"","PLCG2","PLCG2","PLCG2",29256,"Intron (ENST00000697580.2/5336, intron 1 of 32)",-10758,"Intron","chr16_81768185-81768521","Intron"
"chr17:2900041-2900334","chr17",2900041,2900334,2900187,66,2890187,2910187,"","RAP1GAP2","RAP1GAP2","RAP1GAP2",144482,"Intron (ENST00000637138.1/23108, intron 3 of 25)",-39617,"Intron","chr17_2900041-2900334","Intron"
"chr17:27496523-27496911","chr17",27496523,27496911,27496717,79,27486717,27506717,"","KSR1","KSR1","KSR1",40003,"Intron (ENST00000644974.2/8844, intron 1 of 20)",24510,"Intron","chr17_27496523-27496911","Intron"
"chr17:54903364-54903727","chr17",54903364,54903727,54903545,157,54893545,54913545,"TOM1L1","TOM1L1","TOM1L1","TOM1L1",4158,"5' UTR",2230,"5UTR","chr17_54903364-54903727","5UTR"
"chr17:56108737-56109108","chr17",56108737,56109108,56108922,106,56098922,56118922,"","ANKFN1","ANKFN1","ANKFN1",226621,"Promoter (1-2kb)",-1850,"Promoter","chr17_56108737-56109108","Promoter"
"chr17:59837520-59838060","chr17",59837520,59838060,59837790,159,59827790,59847790,"MIR21","MIR21,VMP1","VMP1","VMP1",130598,"Promoter (<=1kb)",0,"Promoter","chr17_59837520-59838060","Promoter"
"chr17:64074806-64075121","chr17",64074806,64075121,64074963,49,64064963,64084963,"","ERN1","ERN1","ERN1",55856,"Exon (ENST00000584041.1/2081, exon 5 of 5)",-2710,"Exon","chr17_64074806-64075121","Exon"
"chr17:66415243-66415718","chr17",66415243,66415718,66415480,109,66405480,66425480,"PRKCA-AS1","PRKCA-AS1,PRKCA","PRKCA","PRKCA",112844,"Promoter (<=1kb)",-270,"Promoter","chr17_66415243-66415718","Promoter"
"chr17:69248017-69248310","chr17",69248017,69248310,69248163,37,69238163,69258163,"ABCA10","ABCA10,ABCA5","ABCA5","ABCA5",79081,"Promoter (<=1kb)",831,"Promoter","chr17_69248017-69248310","Promoter"
"chr17:72421237-72421572","chr17",72421237,72421572,72421404,98,72411404,72431404,"","LINC00673,LINC00511","LINC00673","SLC39A11",671308,"Promoter (<=1kb)",0,"Promoter","chr17_72421237-72421572","Promoter"
"chr17:74417183-74417560","chr17",74417183,74417560,74417371,77,74407371,74427371,"GPRC5C","GPRC5C","GPRC5C","GPRC5C",-7480,"Distal Intergenic",-7291,"Intergenic","chr17_74417183-74417560","Intergenic"
"chr17:75557480-75557962","chr17",75557480,75557962,75557721,280,75547721,75567721,"","LLGL2","LLGL2","LLGL2",32641,"Promoter (<=1kb)",0,"Promoter","chr17_75557480-75557962","Promoter"
"chr17:75646002-75646454","chr17",75646002,75646454,75646228,195,75636228,75656228,"ERLN","ERLN,SMIM5,RECQL5","RECQL5","RECQL5",20961,"Promoter (<=1kb)",0,"Promoter","chr17_75646002-75646454","Promoter"
"chr17:80005904-80006214","chr17",80005904,80006214,80006059,77,79996059,80016059,"","TBC1D16","TBC1D16","TBC1D16",29789,"Intron (ENST00000310924.7/125058, intron 3 of 11)",-12270,"Intron","chr17_80005904-80006214","Intron"
"chr18:2939378-2939682","chr18",2939378,2939682,2939530,77,2929530,2949530,"CHORDC1P4","CHORDC1P4,LPIN2","LPIN2","LPIN2",73785,"Exon (ENST00000697039.1/9663, exon 6 of 20)",6852,"Exon","chr18_2939378-2939682","Exon"
"chr18:3816907-3817269","chr18",3816907,3817269,3817088,92,3807088,3827088,"","DLGAP1","DLGAP1","DLGAP1",638247,"Intron (ENST00000400147.6/9229, intron 1 of 9)",-2844,"Intron","chr18_3816907-3817269","Intron"
"chr18:7926591-7926939","chr18",7926591,7926939,7926765,59,7916765,7936765,"","PTPRM","PTPRM","PTPRM",359983,"5' UTR",-19931,"5UTR","chr18_7926591-7926939","5UTR"
"chr18:22084606-22084959","chr18",22084606,22084959,22084782,96,22074782,22094782,"","LOC124904259","LOC124904259","GATA6",-84661,"Promoter (<=1kb)",0,"Promoter","chr18_22084606-22084959","Promoter"
"chr18:26757382-26757688","chr18",26757382,26757688,26757535,73,26747535,26767535,"LOC124904272","LOC102725227,LOC124904272,AQP4-AS1","AQP4-AS1","AQP4",108283,"Intron (ENST00000582605.5/147429, intron 3 of 5)",-3248,"Intron","chr18_26757382-26757688","Intron"
"chr18:48942606-48943034","chr18",48942606,48943034,48942820,223,48932820,48952820,"SMAD7","SMAD7","SMAD7","SMAD7",7891,"Promoter (<=1kb)",0,"Promoter","chr18_48942606-48943034","Promoter"
"chr18:49967102-49967469","chr18",49967102,49967469,49967285,78,49957285,49977285,"LOC124904299","LOC124904299,MYO5B","MYO5B","MYO5B",227808,"Intron (ENST00000285039.12/4645, intron 10 of 39)",3488,"Intron","chr18_49967102-49967469","Intron"
"chr18:50793909-50794241","chr18",50793909,50794241,50794075,79,50784075,50804075,"","MRO","MRO","MRO",31327,"Distal Intergenic",25385,"Intergenic","chr18_50793909-50794241","Intergenic"
"chr18:70376742-70377049","chr18",70376742,70377049,70376895,100,70366895,70386895,"LINC01910","LINC01910,LINC01909","LINC01909","SOCS6",87994,"Intron (ENST00000783305.1/101927481, intron 3 of 3)",7542,"Intron","chr18_70376742-70377049","Intron"
"chr18:77114825-77115151","chr18",77114825,77115151,77114988,59,77104988,77124988,"","MBP","MBP","MBP",18695,"Exon (ENST00000611482.1/ENST00000611482.1, exon 1 of 1)",-9564,"Exon","chr18_77114825-77115151","Exon"
"chr19:6464278-6464683","chr19",6464278,6464683,6464480,140,6454480,6474480,"SLC25A23,CRB3","SLC25A23,DENND1C,CRB3","CRB3","SLC25A23",723,"Promoter (<=1kb)",0,"Promoter","chr19_6464278-6464683","Promoter"
"chr19:18135972-18136265","chr19",18135972,18136265,18136118,83,18126118,18146118,"","MAST3","MAST3","MAST3",38325,"Promoter (1-2kb)",-1090,"Promoter","chr19_18135972-18136265","Promoter"
"chr19:35458834-35459148","chr19",35458834,35459148,35458991,56,35448991,35468991,"","FFAR2","FFAR2","FFAR2",15084,"Exon (ENST00000810156.1/ENST00000810156.1, exon 1 of 3)",10577,"Exon","chr19_35458834-35459148","Exon"
"chr19:37931950-37932309","chr19",37931950,37932309,37932129,94,37922129,37942129,"","SIPA1L3","SIPA1L3","SIPA1L3",24901,"Promoter (<=1kb)",-37,"Promoter","chr19_37931950-37932309","Promoter"
"chr19:39126564-39126968","chr19",39126564,39126968,39126766,150,39116766,39136766,"PAK4,PAK4-AS1","PAK4,PAK4-AS1","PAK4","PAK4",996,"Promoter (<=1kb)",730,"Promoter","chr19_39126564-39126968","Promoter"
"chr19:39944029-39944437","chr19",39944029,39944437,39944233,175,39934233,39954233,"FCGBP","FCGBP","FCGBP","FCGBP",-9607,"Intron (ENST00000794087.1/ENST00000794087.1, intron 1 of 1)",-9403,"Intron","chr19_39944029-39944437","Intron"
"chr19:45881950-45882358","chr19",45881950,45882358,45882154,130,45872154,45892154,"IRF2BP1","IRF2BP1,FOXA3,MYPOP","IRF2BP1","IRF2BP1",4016,"Distal Intergenic",3783,"Intergenic","chr19_45881950-45882358","Intergenic"
"chr19:45882770-45883204","chr19",45882770,45883204,45882987,242,45872987,45892987,"IRF2BP1","IRF2BP1,FOXA3,MYPOP","IRF2BP1","IRF2BP1",3183,"Exon (ENST00000843320.1/ENST00000843320.1, exon 1 of 2)",2937,"Exon","chr19_45882770-45883204","Exon"
"chr19:51856293-51856635","chr19",51856293,51856635,51856464,40,51846464,51866464,"","ZNF577","ZNF577","ZNF577",31512,"Intron (ENST00000638827.1/84765, intron 5 of 10)",4444,"Intron","chr19_51856293-51856635","Intron"
"chr19:58150697-58151070","chr19",58150697,58151070,58150883,134,58140883,58160883,"LOC124904784,ZNF329","LOC124904784,ZNF329","ZNF329","ZNF329",4227,"Promoter (<=1kb)",0,"Promoter","chr19_58150697-58151070","Promoter"
"chr20:401793-402174","chr20",401793,402174,401983,176,391983,411983,"RBCK1","RBCK1,TRIB3","TRIB3","TRIB3",39148,"Distal Intergenic",-5324,"Intergenic","chr20_401793-402174","Intergenic"
"chr20:1469977-1470361","chr20",1469977,1470361,1470169,114,1460169,1480169,"NSFL1C","SIRPB2,NSFL1C","SIRPB2","NSFL1C",3673,"Intron (ENST00000553571.5/284759, intron 3 of 6)",-3059,"Intron","chr20_1469977-1470361","Intron"
"chr20:4135514-4136011","chr20",4135514,4136011,4135762,331,4125762,4145762,"","SMOX","SMOX","SMOX",14782,"Intron (ENST00000493223.1/54498, intron 1 of 1)",-12768,"Intron","chr20_4135514-4136011","Intron"
"chr20:6704138-6704531","chr20",6704138,6704531,6704334,177,6694334,6714334,"","","LINC01713","BMP2",-63330,"Distal Intergenic",31605,"Intergenic","chr20_6704138-6704531","Intergenic"
"chr20:11687615-11688081","chr20",11687615,11688081,11687848,251,11677848,11697848,"LOC107985384","LOC107985384","LOC107985384","BTBD3",-202875,"Promoter (<=1kb)",-292,"Promoter","chr20_11687615-11688081","Promoter"
"chr20:14985988-14986586","chr20",14985988,14986586,14986287,193,14976287,14996287,"","MACROD2","MACROD2","MACROD2",990918,"Intron (ENST00000217246.8/140733, intron 5 of 16)",-56453,"Intron","chr20_14985988-14986586","Intron"
"chr20:22411635-22411949","chr20",22411635,22411949,22411792,85,22401792,22421792,"","LOC284788","LOC284788","FOXA2",173663,"Intron (ENST00000635130.1/284788, intron 1 of 3)",8694,"Intron","chr20_22411635-22411949","Intron"
"chr20:22490791-22491284","chr20",22490791,22491284,22491037,160,22481037,22501037,"","","LOC105372562","FOXA2",94418,"Distal Intergenic",-17416,"Intergenic","chr20_22490791-22491284","Intergenic"
"chr20:31722252-31722847","chr20",31722252,31722847,31722549,51,31712549,31732549,"ABALON,BCL2L1","ABALON,BCL2L1-AS1,BCL2L1","BCL2L1","BCL2L1",1440,"Promoter (<=1kb)",0,"Promoter","chr20_31722252-31722847","Promoter"
"chr20:43558706-43559038","chr20",43558706,43559038,43558872,78,43548872,43568872,"","SGK2,L3MBTL1","SGK2",NA,18701,"Promoter (<=1kb)",0,"Promoter","chr20_43558706-43559038","Promoter"
"chr20:50761652-50762127","chr20",50761652,50762127,50761889,96,50751889,50771889,"","PARD6B","PARD6B","PARD6B",30345,"Distal Intergenic",29987,"Intergenic","chr20_50761652-50762127","Intergenic"
"chr20:54067529-54067822","chr20",54067529,54067822,54067675,70,54057675,54077675,"MIR4756,LOC105372675,BCAS1","MIR4756,LOC105372675,BCAS1","BCAS1","BCAS1",2919,"Promoter (<=1kb)",663,"Promoter","chr20_54067529-54067822","Promoter"
"chr21:17462433-17462726","chr21",17462433,17462726,17462579,59,17452579,17472579,"","","LINC01549","CXADR",-49803,"Distal Intergenic",20652,"Intergenic","chr21_17462433-17462726","Intergenic"
"chr21:28247788-28248081","chr21",28247788,28248081,28247934,79,28237934,28257934,"","","LINC01695","HEMK2",637437,"Exon (ENST00000806969.1/ENST00000806969.1, exon 1 of 3)",-19121,"Exon","chr21_28247788-28248081","Exon"
"chr21:28256245-28256775","chr21",28256245,28256775,28256510,244,28246510,28266510,"","","LINC01695","HEMK2",628861,"Distal Intergenic",-27578,"Intergenic","chr21_28256245-28256775","Intergenic"
"chr21:33203914-33204370","chr21",33203914,33204370,33204142,177,33194142,33214142,"IFNAR2","LOC105372787,IFNAR2","LOC105372787","IFNAR2",-25759,"Promoter (<=1kb)",-912,"Promoter","chr21_33203914-33204370","Promoter"
"chr21:35019594-35019938","chr21",35019594,35019938,35019766,67,35009766,35029766,"","LOC101928269,RUNX1","RUNX1","RUNX1",984901,"Intron (ENST00000675419.1/861, intron 2 of 8)",29332,"Intron","chr21_35019594-35019938","Intron"
"chr21:42461951-42462245","chr21",42461951,42462245,42462098,54,42452098,42472098,"","","RSPH1","RSPH1",34256,"Exon (ENST00000839554.1/ENST00000839554.1, exon 1 of 3)",-33763,"Exon","chr21_42461951-42462245","Exon"
"chr22:18061275-18061727","chr22",18061275,18061727,18061501,185,18051501,18071501,"","LOC105372853","LOC105372853","PEX26",-16419,"Intron (ENST00000801416.1/105372853, intron 1 of 5)",5226,"Intron","chr22_18061275-18061727","Intron"
"chr22:24323827-24324183","chr22",24323827,24324183,24324005,54,24314005,24334005,"","SPECC1L-ADORA2A,LOC105372960,SPECC1L","SPECC1L","SPECC1L-ADORA2A",53107,"Exon (ENST00000767635.1/105372960, exon 2 of 4)",19431,"Exon","chr22_24323827-24324183","Exon"
"chr22:30573923-30574305","chr22",30573923,30574305,30574114,163,30564114,30584114,"GAL3ST1","PES1,GAL3ST1","GAL3ST1","GAL3ST1",473,"Promoter (<=1kb)",206,"Promoter","chr22_30573923-30574305","Promoter"
"chr22:33197238-33197550","chr22",33197238,33197550,33197394,18,33187394,33207394,"","LARGE1","LARGE1","LARGE1",725447,"Intron (ENST00000676217.1/9215, intron 1 of 2)",13278,"Intron","chr22_33197238-33197550","Intron"
"chr22:37569422-37569817","chr22",37569422,37569817,37569619,79,37559619,37579619,"CDC42EP1","CDC42EP1,LGALS2","CDC42EP1","CDC42EP1",9172,"Downstream (<=300bp)",5016,"Downstream","chr22_37569422-37569817","Downstream"
"chr22:37732063-37732358","chr22",37732063,37732358,37732210,79,37722210,37742210,"","TRIOBP","TRIOBP","TRIOBP",35206,"Intron (ENST00000644935.1/11078, intron 7 of 23)",13717,"Intron","chr22_37732063-37732358","Intron"
"chr22:45246254-45246736","chr22",45246254,45246736,45246495,380,45236495,45256495,"KIAA0930","KIAA0930","KIAA0930","KIAA0930",-5726,"Exon (ENST00000718700.1/ENST00000718700.1, exon 1 of 2)",-5360,"Exon","chr22_45246254-45246736","Exon"
"chr22:49834486-49834899","chr22",49834486,49834899,49834692,218,49824692,49844692,"LOC105377205,BRD1","LOC105377205,BRD1","LOC105377205","BRD1",-7180,"Intron (ENST00000666898.1/105377205, intron 3 of 3)",2887,"Intron","chr22_49834486-49834899","Intron"
"chrX:12779533-12779892","chrX",12779533,12779892,12779712,91,12769712,12789712,"","","PRPS2","PRPS2",-11643,"Distal Intergenic",-11463,"Intergenic","chrX_12779533-12779892","Intergenic"
"chrX:15300120-15300562","chrX",15300120,15300562,15300341,111,15290341,15310341,"","ASB11","ASB11","ASB11",15315,"Intron (ENST00000380470.7/140456, intron 2 of 6)",13997,"Intron","chrX_15300120-15300562","Intron"
"chrX:39043889-39044217","chrX",39043889,39044217,39044053,66,39034053,39054053,"","","LOC124905177","MID1IP1",242621,"Intron (ENST00000771082.1/ENST00000771082.1, intron 2 of 2)",27086,"Intron","chrX_39043889-39044217","Intron"
"chrX:96453192-96453485","chrX",96453192,96453485,96453338,74,96443338,96463338,"","LOC107985714","LOC107985714","DIAPH2",-231325,"Intron (ENST00000729575.1/107985714, intron 1 of 2)",12374,"Intron","chrX_96453192-96453485","Intron"
"chrX:123918313-123918606","chrX",123918313,123918606,123918459,51,123908459,123928459,"","STAG2-AS1,XIAP","XIAP","XIAP",58735,"Distal Intergenic",18364,"Intergenic","chrX_123918313-123918606","Intergenic"
